1,cpiddletown0,Chanda Piddletown,6220.151
2,mbatsford1,Micky Batsford,4799.493
3,fdionsetti2,Frannie Dionsetti,4494.006
4,pschubert3,Pris Schubert,3116.959
5,cmarkus4,Caroline Markus,5882.645
6,zkunzler5,Zacharie Kunzler,3645.781
7,pwalkingshaw6,Perry Walkingshaw,4750.262
8,bjochen7,Bettine Jochen,4453.599
9,mkirton8,Molli Kirton,4973.091
10,rbertie9,Reynold Bertie,2516.361
11,kguessa,Katerine Guess,6525.847
12,cgiacomuzzib,Cal Giacomuzzi,4309.088
13,lfidginc,Linell Fidgin,7747.552
14,rdid,Rozanne Di Boldi,3171.102
15,rneevese,Rene Neeves,2981.436
16,vreadyf,Valencia Ready,7697.05
17,aneevesg,Abbye Neeves,5599.938
18,rwolfith,Reese Wolfit,5938.065
19,dclelli,Dix Clell,5539.962
20,ahackettj,Allie Hackett,2737.336
21,ldikesk,Lion Dikes,7646.346
22,mbackesl,Marilyn Backes,2370.594
23,fgrimseym,Ferd Grimsey,2352.192
24,mandrinn,Mona Andrin,6494.436
25,pdanilyako,Patience Danilyak,4089.184
26,aarkleyp,Adrian Arkley,7580.403
27,mpieperq,Marshal Pieper,4169.7
28,mlutzmannr,Maybelle Lutzmann,7841.653
29,fjarrolds,Farand Jarrold,2918.816
30,dgrushint,Daffie Grushin,6958.606
31,ggiordanou,Gage Giordano,7069.438
32,clyverv,Cammy Lyver,7828.09
33,klauthianw,Keenan Lauthian,6142.903
34,mhallaganx,Madelene Hallagan,5143.338
35,jhadkinsy,Joya Hadkins,2062.917
36,rharesnapez,Ravi Haresnape,5654.716
37,aolekhov10,Alexine Olekhov,7269.505
38,efilchakov11,Estrellita Filchakov,2948.545
39,dgraybeal12,Donnie Graybeal,4681.654
40,smajor13,Sam Major,2791.658
41,khuggill14,Kaycee Huggill,4812.449
42,cbesnardeau15,Carey Besnardeau,6474.365
43,geilhermann16,Gene Eilhermann,4830.548
44,lspittles17,Lila Spittles,6138.733
45,dplait18,Darnall Plait,6383.315
46,dgledhill19,Domenic Gledhill,3404.959
47,mklesse1a,Myrta Klesse,4859.421
48,akeat1b,Alyss Keat,3508.203
49,hsimms1c,Harwilll Simms,4225.357
50,cdonizeau1d,Cindelyn Donizeau,2748.886
51,ltrench1e,Lorry Trench,2344.753
52,twattinham1f,Trescha Wattinham,4144.916
53,kerrichiello1g,Keelia Errichiello,2136.416
54,mborleace1h,Mackenzie Borleace,7618.244
55,cguild1i,Cleopatra Guild,5881.047
56,cdanielis1j,Carmine Danielis,4334.758
57,ibootes1k,Innis Bootes,5544.583
58,nscarsbrick1l,Norbie Scarsbrick,6156.478
59,xmacgee1m,Xavier MacGee,2445.638
60,rdraper1n,Rosita Draper,7814.431
61,mtriplow1o,Minette Triplow,7075.476
62,floveguard1p,Fowler Loveguard,7945.976
63,ahayhoe1q,Anna-diane Hayhoe,6128.417
64,tfisby1r,Theresa Fisby,5061.061
65,prutland1s,Phoebe Rutland,7740.35
66,amackall1t,Alfonso MacKall,3265.554
67,wbeever1u,Winfred Beever,7308.882
68,bmcgrey1v,Braden McGrey,5181.235
69,lsturdey1w,Lexi Sturdey,6284.4
70,abeat1x,Ardath Beat,5732.785
71,tdallas1y,Tom Dallas,4281.949
72,hbanville1z,Hatty Banville,2501.66
73,bczadla20,Bobbi Czadla,2798.733
74,mgabbetis21,Micaela Gabbetis,3919.804
75,clarmett22,Chlo Larmett,5600.78
76,bmendenhall23,Brita Mendenhall,6910.976
77,npollastro24,Nora Pollastro,2629.1
78,ewater25,Eva Water,6115.993
79,ldrewett26,Libbey Drewett,4166.472
80,cduinbleton27,Camel Duinbleton,4644.194
81,rfeldhorn28,Rivy Feldhorn,6698.828
82,wesch29,Walton Esch,3921.305
83,cmynett2a,Chen Mynett,4793.315
84,ftomes2b,Fan Tomes,4185.038
85,moakeshott2c,Mycah Oakeshott,4333.439
86,fdoogood2d,Franzen Doogood,7299.504
87,elagde2e,Elisabeth Lagde,6066.975
88,vcodi2f,Van Codi,6377.346
89,rmccrudden2g,Roxy McCrudden,2887.798
90,pharnetty2h,Paule Harnetty,4925.744
91,bfilyushkin2i,Baily Filyushkin,5705.556
92,bwilflinger2j,Brear Wilflinger,3563.268
93,bathridge2k,Brit Athridge,6311.468
94,rmcgeagh2l,Riordan McGeagh,3597.049
95,vguiel2m,Vanna Guiel,4212.618
96,ajull2n,Aloysius Jull,4085.219
97,skeson2o,Shelagh Keson,7860.158
98,ggeorgeson2p,Ginni Georgeson,3463.229
99,papril2q,Phylis April,4142.889
100,bgurnay2r,Bruce Gurnay,4835.095
101,vvischi2s,Vikky Vischi,6636.387
102,lmoxstead2t,Louise Moxstead,3791.394
103,operin2u,Oriana Perin,4510.61
104,pzanutti2v,Paddie Zanutti,7969.821
105,acasham2w,Alva Casham,4318.356
106,hstratford2x,Harley Stratford,4889.933
107,mwaistell2y,Marrilee Waistell,7972.045
108,agouldeby2z,Angela Gouldeby,4212.587
109,scaswall30,Shay Caswall,4312.488
110,drablen31,Delmor Rablen,6825.243
111,bbrewers32,Bonnee Brewers,4068.828
112,aaxelby33,Alanah Axelby,5612.782
113,dclineck34,Darell Clineck,5070.191
114,garch35,Gayle Arch,6261.876
115,fsesons36,Fenelia Sesons,2349.437
116,lverne37,La verne Pahler,3894.712
117,kmardling38,Kirsti Mardling,2079.596
118,mlightwing39,Maybelle Lightwing,7929.953
119,hfanstone3a,Halli Fanstone,5326.304
120,dmcnysche3b,Dyann McNysche,2702.405
121,emccutcheon3c,Englebert McCutcheon,4822.526
122,mcristofano3d,Minnie Cristofano,2016.836
123,rwaddicor3e,Reagen Waddicor,6063.562
124,syetton3f,Shawna Yetton,3071.155
125,agarth3g,Alair Garth,4850.6
126,nballantine3h,Neall Ballantine,6354.919
127,mhancell3i,Margaux Hancell,2273.114
128,lsloss3j,Lief Sloss,4084.107
129,gdammarell3k,Glenine Dammarell,3329.864
130,rdavydzenko3l,Rustie Davydzenko,2606.169
131,ngodleman3m,Nicholas Godleman,3239.988
132,rlindblom3n,Rossie Lindblom,4768.463
133,jboyton3o,Jarib Boyton,5849.736
134,hmacginley3p,Hazel MacGinley,3131.618
135,nmacgorley3q,Nolie MacGorley,2123.562
136,vommundsen3r,Virgil Ommundsen,7689.706
137,wjollie3s,Wake Jollie,3979.782
138,rwakeley3t,Roselia Wakeley,3092.951
139,mbartley3u,Maurise Bartley,5454.072
140,dmussalli3v,Devora Mussalli,3592.222
141,mwoolmore3w,Milton Woolmore,7512.16
142,obristowe3x,Orelee Bristowe,6192.518
143,rchecci3y,Roxine Checci,2890.584
144,dcruise3z,Desmond Cruise,3907.51
145,mmitchener40,Muffin Mitchener,5315.993
146,steliga41,Sharla Teliga,3503.604
147,aitzcovich42,Aube Itzcovich,3254.014
148,coulner43,Cob Oulner,6729.78
149,jwardlow44,Jeannette Wardlow,4432.703
150,rrankine45,Randy Rankine,3011.007
151,vtomet46,Veriee Tomet,2925.535
152,smuzzollo47,Stanford Muzzollo,3370.224
153,dbirkhead48,Donovan Birkhead,4972.773
154,mpracy49,Mariana Pracy,7584.734
155,iconklin4a,Ian Conklin,5768.117
156,llautie4b,Lela Lautie,2215.871
157,qreynolds4c,Quintilla Reynolds,2889.415
158,bcowsby4d,Beryl Cowsby,5654.855
159,cedwins4e,Courtney Edwins,5385.729
160,sbrookes4f,Shay Brookes,5375.047
161,lbleyman4g,Levi Bleyman,4354.109
162,vfarherty4h,Vale Farherty,2386.492
163,lbrahams4i,Luca Brahams,5256.914
164,bcummings4j,Brig Cummings,4696.712
165,bbrazil4k,Brynn Brazil,5530.22
166,bcarl4l,Barthel Carl,5309.103
167,ulempertz4m,Ulric Lempertz,3452.019
168,jarrault4n,Judd Arrault,3161.768
169,vpownall4o,Vernen Pownall,2823.846
170,ggeockle4p,Garrick Geockle,7876.223
171,oconklin4q,Oriana Conklin,4866.945
172,esynnot4r,Ellwood Synnot,7585.806
173,gbogaert4s,Gregory Bogaert,2763.988
174,imerill4t,Isador Merill,3811.387
175,jde4u,Jeremias De Mattia,6159.909
176,nbryant4v,Naomi Bryant,2610.424
177,gwickey4w,Giselbert Wickey,5881.708
178,iclissold4x,Isa Clissold,7000.892
179,eansett4y,Emmery Ansett,2261.849
180,qcuberley4z,Quincy Cuberley,5939.225
181,palten50,Pippa Alten,7339.321
182,vsainsberry51,Vince Sainsberry,5715.405
183,pivushkin52,Peyton Ivushkin,4459.825
184,kgildroy53,Ketty Gildroy,4967.687
185,hheliet54,Hamel Heliet,7360.411
186,esearle55,Eddi Searle,5889.495
187,wsammut56,Waneta Sammut,6499.842
188,ltribbeck57,Lorin Tribbeck,7166.126
189,elatter58,Eduino Latter,4753.235
190,agreves59,Adorne Greves,6171.331
191,ncooke5a,Nita Cooke,7952.104
192,tlathleiff5b,Timotheus Lathleiff,6485.852
193,ssprulls5c,Scotty Sprulls,4635.814
194,sosheils5d,Sigismund O'Sheils,7999.312
195,jengland5e,Johnathon England,7882.111
196,lbeveredge5f,Lucais Beveredge,5619.814
197,edjordjevic5g,Erminie Djordjevic,2168.431
198,basprey5h,Berte Asprey,5189.084
199,vturnbull5i,Verne Turnbull,2674.04
200,crowena5j,Cecile Rowena,4793.733
201,nroubottom5k,Ninetta Roubottom,3269.099
202,tnetherclift5l,Tomlin Netherclift,6680.702
203,bgandar5m,Blinnie Gandar,2464.083
204,cpettyfer5n,Con Pettyfer,6442.469
205,smityushkin5o,Sonny Mityushkin,3715.675
206,smarrows5p,Sybilla Marrows,7515.589
207,bvasyushkhin5q,Bartie Vasyushkhin,2542.4
208,cminero5r,Cordelie Minero,2152.488
209,mfever5s,Madge Fever,2184.278
210,nnovkovic5t,Nils Novkovic,7215.622
211,cninotti5u,Curt Ninotti,6907.766
212,fpersich5v,Forbes Persich,2910.97
213,xniaves5w,Xenos Niaves,6236.671
214,btrembley5x,Berni Trembley,5074.452
215,lpigny5y,Letisha Pigny,6294.66
216,cdonne5z,Carree Donne,3971.314
217,tgrayshan60,Therese Grayshan,4706.316
218,hrunacres61,Herschel Runacres,3635.326
219,dhatherley62,Daryl Hatherley,6863.394
220,sdaubney63,Shalom D'Aubney,6795.447
221,gbodill64,Gun Bodill,6696.806
222,jfolbig65,Jessi Folbig,3257.022
223,hgrieve66,Hermie Grieve,6313.746
224,aswanwick67,Aeriela Swanwick,4475.216
225,abrimble68,Amitie Brimble,7815.039
226,lsurmon69,Lorrie Surmon,2512.461
227,bcicchinelli6a,Barbie Cicchinelli,5490.499
228,cliddicoat6b,Cathi Liddicoat,2281.412
229,emedlicott6c,Estevan Medlicott,6586.615
230,bpershouse6d,Beilul Pershouse,3425.908
231,nkimbell6e,Noelani Kimbell,4560.048
232,schmarny6f,Sloan Chmarny,2624.19
233,rgainsford6g,Renado Gainsford,4643.386
234,dgorvin6h,Darrell Gorvin,2907.109
235,jkarpenko6i,Jedediah Karpenko,4302.993
236,dreadings6j,Dillon Readings,2013.248
237,sjorczyk6k,Spencer Jorczyk,3083.569
238,bbarrasse6l,Bryant Barrasse,2936.506
239,eragbourn6m,Emmie Ragbourn,7842.62
240,ddumphy6n,Dareen Dumphy,3257.228
241,osikorsky6o,Obidiah Sikorsky,5467.769
242,gcahani6p,Gearard Cahani,5305.662
243,mshine6q,Marcellus Shine,4989.274
244,gcufley6r,Griffy Cufley,6104.195
245,kmillea6s,Kassia Millea,5257.08
246,kbotley6t,Kore Botley,2228.215
247,mbaptiste6u,Martino Baptiste,7079.933
248,sksandra6v,Shepherd Ksandra,4793.559
249,jclitheroe6w,Jacki Clitheroe,2879.733
250,rbartlam6x,Roxanna Bartlam,6558.341
251,rmcglaughn6y,Ramonda McGlaughn,7002.995
252,ainde6z,Abdul Inde,6980.057
253,lbynold70,Lindsay Bynold,6971.859
254,dgeorgeot71,Dory Georgeot,7153.257
255,ucaslake72,Ulick Caslake,6051.704
256,wdillway73,Woodie Dillway,3935.19
257,nfrankes74,Norbie Frankes,7990.675
258,ksandhill75,Kennedy Sandhill,4842.419
259,psandham76,Phaidra Sandham,5141.649
260,pdewire77,Prentiss Dewire,6141.775
261,aheigl78,Alick Heigl,5455.933
262,hlethcoe79,Hercule Lethcoe,5400.782
263,rtremmel7a,Roselia Tremmel,2627.84
264,cchucks7b,Cassaundra Chucks,4892.742
265,lbrickner7c,Lesli Brickner,2695.591
266,emoline7d,Else Moline,3515.0
267,ebrazur7e,Eve Brazur,2995.573
268,hsurgenor7f,Helge Surgenor,7581.296
269,norleton7g,Nealon Orleton,4260.178
270,kscripture7h,Korry Scripture,2920.576
271,igurnay7i,Isahella Gurnay,7027.152
272,mlaphorn7j,Moshe Laphorn,4495.451
273,tbrantzen7k,Tobiah Brantzen,6505.02
274,nblamires7l,Nathanael Blamires,3067.633
275,nspeller7m,Nannette Speller,2239.455
276,vmcconnal7n,Verla McConnal,7534.46
277,zmacandrew7o,Zachery MacAndrew,5190.463
278,scormode7p,Sylvan Cormode,6581.962
279,ltadlow7q,Lavinie Tadlow,7101.777
280,qdennis7r,Quent Dennis,5800.696
281,ale7s,Amandie Le Quesne,6355.704
282,kpauer7t,Konstantin Pauer,5934.166
283,bhyman7u,Brana Hyman,6648.598
284,ggodson7v,Garvy Godson,4538.626
285,dwhilde7w,Devlin Whilde,6525.75
286,asandlin7x,Adamo Sandlin,6536.027
287,xlegerton7y,Xylina Legerton,4836.113
288,edeyes7z,Euphemia Deyes,6309.602
289,aballingal80,Anne-marie Ballingal,3479.663
290,jmunehay81,Joby Munehay,4853.402
291,sjuszczak82,Starlene Juszczak,3026.737
292,llangdale83,Letty Langdale,6319.275
293,eceschelli84,Ethan Ceschelli,6852.608
294,bwhiteson85,Barbabra Whiteson,2013.144
295,ecartwight86,Elka Cartwight,6098.652
296,edengate87,Elysee Dengate,3694.688
297,lpauling88,Lila Pauling,7266.396
298,lbru89,Lane Bru,3335.164
299,lbonn8a,Leila Bonn,2129.025
300,kbenting8b,Katherina Benting,7772.365
301,gcowden8c,Giustino Cowden,5745.989
302,amower8d,Antin Mower,4483.711
303,rveevers8e,Reinhold Veevers,2331.624
304,jjosefsen8f,Jermaine Josefsen,3204.878
305,vmatlock8g,Victor Matlock,5283.375
306,wbortoletti8h,Wolfie Bortoletti,2944.456
307,nmaudson8i,Nevsa Maudson,4858.418
308,agirton8j,Adriana Girton,3282.572
309,arye8k,Ammamaria Rye,7013.559
310,hthorbon8l,Hilde Thorbon,2458.112
311,drizzardi8m,Dolf Rizzardi,3509.528
312,tsotworth8n,Tedmund Sotworth,3797.221
313,iordemann8o,Inger Ordemann,5537.988
314,lpabst8p,Link Pabst,3396.861
315,ddumbelton8q,Delainey Dumbelton,6174.671
316,ncade8r,Nial Cade,3918.415
317,dwhitchurch8s,Devin Whitchurch,5440.687
318,gcurteis8t,Gerik Curteis,5222.707
319,kberringer8u,Kimball Berringer,2750.609
320,asamwell8v,Aluin Samwell,3113.997
321,blittledike8w,Bronnie Littledike,5524.369
322,kbeach8x,Kimbra Beach,7823.299
323,vmelior8y,Vitia Melior,5991.251
324,cdomelow8z,Concettina Domelow,5484.593
325,pvinson90,Pancho Vinson,7946.397
326,abirchill91,Antin Birchill,4362.704
327,asporner92,Ariadne Sporner,4405.423
328,bswanborough93,Bink Swanborough,3816.468
329,msanney94,Manon Sanney,2552.702
330,fschirok95,Floria Schirok,2641.644
331,sridolfo96,Shawnee Ridolfo,2694.822
332,llysons97,Louisette Lysons,6286.347
333,mvellacott98,Mohandis Vellacott,3409.851
334,ecamelia99,Emelina Camelia,2634.348
335,dpindell9a,Doralynne Pindell,4614.216
336,gcode9b,Gustie Code,6211.57
337,mquibell9c,Marlie Quibell,7540.499
338,osimo9d,Orson Simo,5416.677
339,ewellbeloved9e,Emmit Wellbeloved,7626.548
340,medgin9f,Mayer Edgin,6732.932
341,rstation9g,Ruy Station,4301.869
342,cwormald9h,Claudina Wormald,7561.237
343,ecorless9i,Eddi Corless,2119.237
344,bbakes9j,Broddy Bakes,5149.727
345,ljeanequin9k,Lindsy Jeanequin,4105.248
346,rde9l,Reginauld De Gregorio,2255.109
347,bdellatorre9m,Bay Dellatorre,3895.379
348,sboyne9n,Sasha Boyne,4036.258
349,lclacson9o,Lori Clacson,5141.514
350,bdanilovic9p,Blaire Danilovic,2695.097
351,crubens9q,Cloris Rubens,4629.247
352,kgason9r,Kelvin Gason,4815.265
353,vhalegarth9s,Vittoria Halegarth,2985.617
354,nsalasar9t,Nanon Salasar,5661.649
355,gfazan9u,Giacomo Fazan,7609.487
356,kweekly9v,Karrah Weekly,2583.125
357,hpowley9w,Haley Powley,3116.495
358,lflann9x,Louella Flann,2672.566
359,egrgic9y,Elsie Grgic,4443.741
360,spurvis9z,Stacee Purvis,3814.704
361,sdomineya0,Sula Dominey,5362.329
362,dtempletona1,Del Templeton,3181.398
363,spetegrea2,Stu Petegre,5024.965
364,savanna3,Sascha Avann,6756.899
365,rwibrewa4,Roseanne Wibrew,5031.194
366,chorleya5,Caryl Horley,3339.077
367,geckerya6,Gene Eckery,6614.81
368,evlasenkoa7,Eryn Vlasenko,2791.39
369,akellawaya8,Addy Kellaway,3231.408
370,bhailsa9,Bald Hails,6292.602
371,gbonfieldaa,Ganny Bonfield,2777.539
372,mlargeab,Meagan Large,4297.448
373,rkimbleyac,Ruby Kimbley,2750.339
374,nohrtad,Noemi Ohrt,6819.398
375,dkemmisae,Doralynn Kemmis,2130.203
376,gchaplainaf,Gweneth Chaplain,7649.313
377,rcaughtag,Rivi Caught,4857.591
378,soliveiraah,Suzi Oliveira,4814.006
379,kmacphailai,Kareem MacPhail,6419.703
380,sjeannotaj,Sebastien Jeannot,2598.543
381,ahollierak,Aloisia Hollier,5357.729
382,hwindlessal,Hildagard Windless,2256.808
383,mdelatouram,Maddie Delatour,3449.3
384,lgilbridean,Legra Gilbride,3064.336
385,mvenessao,Marrissa Veness,2430.724
386,savoap,Sanson Avo,5997.936
387,mgratrixaq,Minette Gratrix,6505.92
388,csibbaldar,Christoforo Sibbald,7809.657
389,tdrewsonas,Tremaine Drewson,6146.52
390,nfahyat,Ninnette Fahy,7957.086
391,jcrosselandau,Janaye Crosseland,2262.715
392,ispurgeav,Ive Spurge,4226.874
393,skydaw,Sayer Kyd,3278.954
394,mtabourinax,Maggy Tabourin,7735.056
395,hginoay,Heloise Gino,5170.959
396,ktierneyaz,Keefe Tierney,6290.575
397,tcorcutb0,Thornie Corcut,3446.235
398,mtranckleb1,Mickie Tranckle,7670.322
399,gviallb2,Gilles Viall,6707.891
400,scatonnetb3,Shirley Catonnet,5880.368
401,dleiboldb4,Darrelle Leibold,5809.149
402,jslyneb5,Jolie Slyne,3343.805
403,akirwinb6,Andrus Kirwin,4838.918
404,iavrahamyb7,Irving Avrahamy,4684.209
405,mmiddlerb8,Mable Middler,5598.156
406,ecopasb9,Emyle Copas,5314.791
407,mivanikhinba,Mario Ivanikhin,3147.625
408,fgillesonbb,Frayda Gilleson,4092.289
409,dpurkessbc,Dorree Purkess,5531.581
410,hlufkinbd,Heloise Lufkin,5532.759
411,gdacthbe,Gaile D'Acth,5447.916
412,wdunkertonbf,Wandie Dunkerton,5451.062
413,smadgettbg,Stanly Madgett,7090.622
414,kutridgebh,Kristin Utridge,7348.612
415,epolinibi,Ethelin Polini,2417.384
416,cgurradobj,Calvin Gurrado,3908.448
417,koakeshottbk,Kassey Oakeshott,2627.909
418,jnewarkbl,Jarid Newark,6673.542
419,bmapstonbm,Bo Mapston,6658.348
420,scrockerbn,Star Crocker,5636.912
421,eclowneybo,Estella Clowney,5136.074
422,rwonesbp,Ranna Wones,3976.809
423,uvardenbq,Udale Varden,5381.065
424,nmeadenbr,Nowell Meaden,3214.601
425,sbailbs,Sharia Bail,2595.596
426,dhollowbt,Dotty Hollow,4690.989
427,mgirardeybu,Mandie Girardey,7463.832
428,cfieldsbv,Celesta Fields,6828.35
429,jbaseleybw,Jessamine Baseley,6048.668
430,idictusbx,Isis Dictus,3334.94
431,tlangdonby,Tricia Langdon,4812.181
432,vhartlybz,Verney Hartly,5254.247
433,dglendenningc0,Dunc Glendenning,6567.36
434,hwinesc1,Happy Wines,4636.12
435,ceingerfieldc2,Charmian Eingerfield,4051.757
436,wmcevillyc3,Winifield McEvilly,3643.796
437,eseivertsenc4,Elliot Seivertsen,2629.14
438,khessayc5,Kirsten Hessay,2207.867
439,jpenniallc6,Julita Penniall,3745.372
440,kvaneyc7,Kin Vaney,6480.305
441,tbalsilliec8,Terri Balsillie,4223.628
442,ccaillouc9,Carlita Caillou,6206.464
443,alovelockca,Ambrose Lovelock,2824.037
444,kcottesfordcb,Kathryn Cottesford,3323.798
445,zhargravescc,Zeke Hargraves,5460.459
446,dgeertjecd,Dione Geertje,2388.227
447,tdimeloece,Tab Dimeloe,4532.597
448,eliascf,Ellwood Lias,3074.997
449,evedikhovcg,Emeline Vedikhov,5911.14
450,rleybornech,Rey Leyborne,5096.683
451,sandreassenci,Shay Andreassen,7101.85
452,ckeeffecj,Christophe Keeffe,4396.69
453,sfraneyck,Shirlene Franey,2237.822
454,gjodrelleccl,Ginger Jodrellec,5337.045
455,nmahaffeycm,Neilla Mahaffey,3155.361
456,ghancecn,Garey Hance,6487.077
457,afeldhuhnco,Addie Feldhuhn,2754.638
458,agallcp,Alisha Gall,6170.103
459,owanklingcq,Ogdon Wankling,7591.68
460,jyellcr,Jeramey Yell,5813.907
461,cverdeycs,Cole Verdey,5875.876
462,nbartolommeoct,Nikki Bartolommeo,4136.905
463,lohogertiecu,Leese O'Hogertie,5639.372
464,sgunninghamcv,Sanderson Gunningham,5268.126
465,clippardcw,Chelsae Lippard,4219.668
466,cburhillcx,Calvin Burhill,5635.816
467,mmaffioletticy,Michal Maffioletti,5972.568
468,hwoodvinecz,Hanni Woodvine,7504.829
469,rgowersd0,Rabbi Gowers,3819.598
470,dborrowmand1,Dyan Borrowman,4458.683
471,eottewilld2,Evangelin Ottewill,3628.866
472,jmerceyd3,Jannel Mercey,7267.015
473,agoodliffed4,Amby Goodliffe,3671.846
474,rsewelld5,Roddy Sewell,2294.812
475,acatletted6,Adriane Catlette,7661.462
476,tashwoodd7,Trstram Ashwood,4156.185
477,smeridad8,Stevana Merida,2553.51
478,aalkerd9,Adorne Alker,5486.509
479,jyitzhakovda,Juline Yitzhakov,4356.636
480,dmaslindb,Devlen Maslin,3189.053
481,bvernazzadc,Barnabas Vernazza,7744.718
482,valldredd,Viviana Alldre,4703.216
483,jboutflourde,Jackqueline Boutflour,3023.026
484,vdrengdf,Vivien Dreng,4126.506
485,rprattindg,Roana Prattin,2591.307
486,cdruhandh,Coop Druhan,2554.956
487,csextidi,Carlene Sexti,7268.929
488,ekitneydj,Eddy Kitney,5850.518
489,geayrsdk,Garrick Eayrs,2333.346
490,csawfordedl,Cally Sawforde,5259.398
491,zflorencedm,Zebulon Florence,5464.028
492,skermannesdn,Shana Kermannes,4642.98
493,hcanelasdo,Hill Canelas,4949.254
494,ihallowaydp,Itch Halloway,5353.096
495,mschoolfielddq,Matthias Schoolfield,5177.054
496,gianittidr,Grantham Ianitti,6876.811
497,jvanneds,Joan Vanne,2445.587
498,nbartoschdt,Norrie Bartosch,2159.165
499,achipperfielddu,Alvera Chipperfield,6276.875
500,jlunddv,Jock Lund,3458.373
501,pvockingsdw,Pietrek Vockings,4108.48
502,omaxwaledx,Oliver Maxwale,3974.998
503,cwizdy,Cathrine Wiz,7294.254
504,mfilewooddz,Melany Filewood,2504.282
505,rlealle0,Reena Leall,2240.351
506,nspraggone1,Noami Spraggon,6979.292
507,kfairweathere2,Karoly Fairweather,6754.72
508,mlindberge3,Merilee Lindberg,6494.1
509,csherrye4,Cathy Sherry,2761.519
510,dpoppinge5,Daffi Popping,7181.487
511,kyitzhakove6,Kathi Yitzhakov,3343.064
512,acriage7,Andrej Criag,3045.525
513,mbrucksteine8,Marleah Bruckstein,4982.532
514,vmuscrofte9,Vittorio Muscroft,2714.771
515,wklimentea,Willamina Kliment,3178.616
516,ldeatheeb,Lefty D'eathe,4526.443
517,rgilchristec,Remus Gilchrist,7331.43
518,jcarnilianed,Jacinthe Carnilian,4697.823
519,lpeckittee,Leif Peckitt,4990.369
520,dpenkmanef,Denys Penkman,5929.092
521,dlabeuileg,Darrel Labeuil,5029.469
522,ekimburyeh,Eada Kimbury,4975.296
523,mmuckianei,Mallory Muckian,5613.018
524,brawdallej,Breena Rawdall,6006.321
525,msundinek,Martguerita Sundin,3844.447
526,mbrandenbergel,Marigold Brandenberg,7530.867
527,ebwyeem,Elladine Bwye,2113.002
528,cburkinen,Currey Burkin,3247.549
529,kvoakeo,Kacie Voak,7353.413
530,krenackownaep,Keary Renackowna,3617.914
531,cdevinneq,Codi Devinn,7562.968
532,kbaudichoner,Kriste Baudichon,7251.64
533,dthurneres,Delmor Thurner,5572.421
534,gzanioloet,Georgie Zaniolo,4731.937
535,jhellwicheu,Jemmy Hellwich,5017.011
536,sgorvinev,Swen Gorvin,7434.063
537,ktipperew,Kary Tipper,6672.221
538,eproverex,Emmalynn Prover,3223.949
539,climeburney,Cherye Limeburn,4865.501
540,gchekeez,Guthrie Cheke,2077.166
541,bsibleyf0,Buddy Sibley,6489.488
542,jtrahairf1,Judye Trahair,3376.239
543,arenf2,Anastasia Ren,7047.884
544,dwudelandf3,Drugi Wudeland,6747.71
545,rworledgef4,Rachel Worledge,2741.21
546,mmcneighf5,Maxim McNeigh,2800.45
547,jredihoughf6,Jock Redihough,5368.777
548,rtettleyf7,Ree Tettley,3965.544
549,bkeattchf8,Barris Keattch,6618.803
550,bawdef9,Barrie Awde,7998.402
551,tpennycockfa,Trip Pennycock,3046.019
552,zcalderofb,Zachariah Caldero,6349.224
553,fkristoffc,Frederica Kristof,4816.746
554,pcraighillfd,Pearline Craighill,5041.886
555,bsquibefe,Blondelle Squibe,4750.129
556,nbuttwellff,Nelia Buttwell,7532.697
557,lsphinxefg,Luca Sphinxe,7195.399
558,nmatonfh,Nancy Maton,7791.04
559,ttillyfi,Trip Tilly,6492.271
560,pcornhillfj,Pamelina Cornhill,4285.951
561,obuxcyfk,Ozzy Buxcy,3033.456
562,mgossagefl,Mabel Gossage,6801.716
563,rraggittfm,Reinhard Raggitt,2329.296
564,mcoomberfn,Mellisa Coomber,3882.212
565,tolverfo,Tessi Olver,4060.625
566,knelseyfp,Kim Nelsey,5166.131
567,bwawerfq,Brannon Wawer,4670.13
568,gamorifr,Gisela Amori,4653.939
569,dvickeryfs,Dasie Vickery,2101.872
570,ggebbeft,Giulietta Gebbe,7232.958
571,rjolliefu,Rebe Jollie,6415.126
572,bhockeyfv,Boniface Hockey,4988.25
573,aantragfw,Akim Antrag,3498.797
574,htreugefx,Henry Treuge,7267.778
575,truffeyfy,Titos Ruffey,6621.841
576,tsexstonefz,Tallie Sexstone,2720.721
577,jpawlikg0,Jarib Pawlik,5838.81
578,goxnamg1,Gertruda Oxnam,7405.364
579,astratiffg2,Ari Stratiff,4416.311
580,wsladeg3,Warren Slade,4626.704
581,ofilipychevg4,Olag Filipychev,4476.725
582,dparkissong5,Dionis Parkisson,2476.06
583,cquinnetg6,Cheri Quinnet,6754.13
584,lgoudgeg7,Laverne Goudge,4897.36
585,clovattg8,Christoper Lovatt,5515.507
586,madawayg9,Manolo Adaway,3041.546
587,cshelperga,Corly Shelper,5359.544
588,evangb,Evey Van Castele,4147.82
589,tlauretgc,Terrill Lauret,5403.085
590,gcookseygd,Godfrey Cooksey,4344.154
591,jobreenge,Jehu O'Breen,3347.252
592,vlibbegf,Valli Libbe,4398.064
593,knesbittgg,Krista Nesbitt,3263.301
594,tprovengh,Thorpe Proven,7923.266
595,wrestillgi,Waverly Restill,6627.339
596,ronoulanegj,Ronny O'Noulane,5910.454
597,cgounelgk,Cal Gounel,5005.507
598,mwyldesgl,Maxy Wyldes,7546.327
599,ajirsagm,Alexei Jirsa,5002.811
600,bknottgn,Bartholemy Knott,4839.352
601,kgentnergo,Krishnah Gentner,6419.738
602,segregp,Stevana Egre,7261.222
603,hcermangq,Harry Cerman,5717.624
604,jlermouthgr,Justinian Lermouth,4206.891
605,eberlings,Elmira Berlin,4650.339
606,dmattheusgt,Dewain Mattheus,3037.039
607,wmorotgu,Wendeline Morot,6058.711
608,egaulergv,Eve Gauler,7876.588
609,aroutledgegw,Araldo Routledge,2070.127
610,lmoorfieldgx,Lolly Moorfield,2111.872
611,obohlensgy,Odele Bohlens,2118.82
612,bheelisgz,Babita Heelis,6014.859
613,bjeskinh0,Brook Jeskin,7092.095
614,hbergstrandh1,Haroun Bergstrand,4469.155
615,iedmundh2,Iver Edmund,6228.506
616,aflethamh3,Armin Fletham,2313.869
617,ppawleh4,Penny Pawle,4418.943
618,econstantinouh5,Estevan Constantinou,2075.766
619,gfuloph6,Gilles Fulop,5192.511
620,habrahamianh7,Haydon Abrahamian,4131.879
621,afoxh8,Allis Fox,3845.889
622,jjowlingh9,Jeane Jowling,4068.529
623,mweallha,Marchelle Weall,6426.754
624,pphoebehb,Piper Phoebe,3999.929
625,nsatchellhc,Nolie Satchell,2395.663
626,jsuggetthd,Jaymie Suggett,7473.617
627,zjeffhe,Zebedee Jeff,7806.135
628,lgonnelyhf,Lewes Gonnely,3955.737
629,cjexhg,Corabelle Jex,2224.285
630,hstranahanhh,Hinda Stranahan,3542.62
631,lfarendenhi,Lion Farenden,3632.125
632,mbeelhj,Murray Beel,3438.099
633,omcmanushk,Othella McManus,7947.007
634,mmeanyhl,Mela Meany,4388.791
635,lcolthardhm,Liam Colthard,7633.32
636,csnellinghn,Cindee Snelling,2520.664
637,lchesshyreho,Lester Chesshyre,7468.389
638,sgittenshp,Salomon Gittens,7635.893
639,tmatysikhq,Tatiana Matysik,7766.112
640,cshoreyhr,Catarina Shorey,5376.424
641,hwalbridgehs,Halsy Walbridge,4699.838
642,ahasluckht,Annalee Hasluck,6008.005
643,dfoysterhu,Dorrie Foyster,2588.608
644,bbraidhv,Blair Braid,4196.415
645,lsieghardhw,Loren Sieghard,4058.596
646,cskillicornhx,Curt Skillicorn,5069.79
647,pmingottihy,Paulie Mingotti,5814.573
648,mzottolihz,Mayer Zottoli,6602.028
649,tdimmocki0,Tomlin Dimmock,7189.004
650,kyeomani1,Kerri Yeoman,6536.819
651,cjerchei2,Cathy Jerche,4791.179
652,equinnelli3,Erina Quinnell,6670.168
653,gluckini4,Gar Luckin,4836.89
654,dbarlassi5,Danya Barlass,3134.745
655,jtogwelli6,Jacquenette Togwell,4922.922
656,aruttyi7,Anabella Rutty,4612.185
657,mdei8,Manny De Caroli,6279.686
658,rstrawbridgei9,Reade Strawbridge,3173.424
659,jfibbitia,Jerry Fibbit,2069.255
660,mjagielskiib,Melody Jagielski,6520.827
661,idaelmanic,Ignaz Daelman,2866.265
662,mgoodbournid,Mercie Goodbourn,7721.704
663,jganeie,Janaye Gane,4985.094
664,tphilippsohnif,Tootsie Philippsohn,7502.298
665,gjohanchonig,Gillie Johanchon,7935.281
666,cmclaineih,Corenda McLaine,3344.906
667,mrenziniii,Maurene Renzini,7231.748
668,ymontroseij,Yolande Montrose,3116.06
669,gmillenik,Gerrie Millen,2489.871
670,hbickerstaffeil,Homer Bickerstaffe,3821.995
671,nmucklowim,Nelli Mucklow,6469.205
672,bsonnenscheinin,Benedikta Sonnenschein,3693.538
673,eanmoreio,Elvira Anmore,6247.753
674,lalwayip,Lizbeth Alway,7166.698
675,usturridgeiq,Ulrikaumeko Sturridge,2093.108
676,wilewiczir,Willi Ilewicz,7338.189
677,jhasleyis,Jeramie Hasley,4088.474
678,squickit,Sibel Quick,6734.906
679,ppreshoiu,Pearline Presho,2964.682
680,jbreacheiv,Jolyn Breache,7431.355
681,ireisiw,Ingeborg Reis,7991.187
682,nbovairdix,Norrie Bovaird,2996.55
683,vfitzpayniy,Valeda Fitzpayn,3557.504
684,kraultiz,Krysta Rault,3013.417
685,tlavenderj0,Tyne Lavender,3526.981
686,rrupprechtj1,Renado Rupprecht,4832.935
687,cclashj2,Christin Clash,3534.702
688,adainej3,Ally Daine,5561.337
689,eocaheyj4,Eziechiele O'Cahey,6703.828
690,jrooj5,Jacky Roo,7597.34
691,egleavesj6,Ema Gleaves,4718.91
692,mlowethj7,Marigold Loweth,3989.321
693,jnialj8,Jorry Nial,3720.973
694,ekrysztofowiczj9,Even Krysztofowicz,2623.641
695,cgillanija,Cori Gillani,6283.058
696,dravenscrofttjb,Desmond Ravenscroftt,6419.4
697,thiblingjc,Titus Hibling,6433.055
698,idabneyjd,Ivie Dabney,6585.696
699,jmountjoyje,Jacynth Mountjoy,2697.276
700,jwetheraldjf,Jecho Wetherald,4971.695
701,jnoicejg,Jocelin Noice,7443.624
702,lmaillardjh,Lowe Maillard,5157.296
703,yshipcottji,Yetty Shipcott,2933.418
704,tlowersjj,Tuesday Lowers,7708.16
705,lhennemannjk,Lemmie Hennemann,2889.57
706,gkenealyjl,Gaylene Kenealy,4508.43
707,wwestjm,Winnie West,5320.318
708,aelesjn,Avram Eles,4031.973
709,istickneyjo,Igor Stickney,6052.611
710,eskellsjp,Edwina Skells,2636.121
711,rhamblettjq,Row Hamblett,6521.316
712,atunnicliffjr,Annabela Tunnicliff,3013.642
713,emelljs,Eolanda Mell,3542.87
714,hsaunderjt,Hort Saunder,6693.574
715,clewteyju,Cathleen Lewtey,5466.263
716,hdemanuelejv,Harley D'Emanuele,7414.965
717,lruecastlejw,Luisa Ruecastle,6541.336
718,lharremajx,Lyssa Harrema,7310.813
719,gdikejy,Grete Dike,4411.396
720,tdilowayjz,Trueman Diloway,4360.758
721,jcominottik0,Joni Cominotti,6088.777
722,sgrattank1,Sapphire Grattan,2750.123
723,bridpathk2,Bryce Ridpath,4411.598
724,rtibbsk3,Robby Tibbs,3934.766
725,kfrickk4,Kenny Frick,4841.38
726,gmargaritellik5,Gilemette Margaritelli,7377.997
727,agowmank6,Allene Gowman,4940.118
728,jstrelitzerk7,Joe Strelitzer,6837.771
729,aizonk8,Artemas Izon,6696.916
730,vcockrellk9,Verine Cockrell,3917.734
731,bcracieka,Brandtr Cracie,7130.401
732,bmccrackemkb,Brandi McCrackem,7554.965
733,crandalsonkc,Corrie Randalson,4489.038
734,cciccottokd,Corrinne Ciccotto,5007.285
735,wmatresseke,Welsh Matresse,3507.047
736,nsenechaultkf,Nathanial Senechault,3379.0
737,wweondkg,Worden Weond,4205.622
738,cmartijnkh,Corri Martijn,4618.924
739,maymerki,Modesta Aymer,2412.608
740,mgrishelyovkj,Moritz Grishelyov,7509.125
741,efibbenkk,Esme Fibben,7834.464
742,tfouracrekl,Tymon Fouracre,7512.846
743,yrigebykm,Yehudit Rigeby,6113.137
744,hdedenhamkn,Harv Dedenham,5367.473
745,ethriftko,Ede Thrift,5268.724
746,ldrohunkp,Linnet Drohun,4748.772
747,rcasonekq,Roth Casone,2920.659
748,cadshedkr,Cherlyn Adshed,7992.411
749,kdooheyks,Kev Doohey,4340.519
750,ccolleerkt,Correy Colleer,3476.742
751,bbosmanku,Barny Bosman,2468.978
752,mbewsykv,Margo Bewsy,3422.081
753,slaisekw,Sanderson Laise,4803.906
754,oameskx,Ollie Ames,4050.884
755,pchuterky,Perri Chuter,3933.719
756,dmantramkz,Delly Mantram,3002.562
757,ipendergastl0,Ina Pendergast,6678.156
758,fbrockhurstl1,Fidelio Brockhurst,5399.064
759,matterburyl2,Merl Atterbury,3587.407
760,schadwickl3,Sadie Chadwick,5990.235
761,akunl4,Annnora Kun,3691.847
762,bmccathiel5,Bobbye McCathie,7107.41
763,mhulkesl6,Marlo Hulkes,5832.862
764,bmirrleesl7,Banky Mirrlees,7496.727
765,dwharinl8,Donny Wharin,5159.37
766,mesbyl9,Maurene Esby,4455.249
767,jpithcockla,Jordan Pithcock,3266.654
768,emonsonlb,Ebba Monson,3300.871
769,relgerlc,Ronna Elger,6111.328
770,espellissyld,Eliza Spellissy,4799.943
771,tsabanle,Toinette Saban,5933.085
772,pbrandolf,Patrizius Brando,3192.268
773,hconleylg,Hershel Conley,6972.868
774,ibarnwalllh,Ive Barnwall,6559.251
775,jwreathli,Jehu Wreath,7946.948
776,dshortinlj,Dinnie Shortin,2884.266
777,shauckelk,Stephan Haucke,5937.705
778,wedgellll,Wynnie Edgell,6612.572
779,gcolbronlm,Gladi Colbron,6519.617
780,epaschkeln,Evangelin Paschke,3838.662
781,oslidelo,Odette Slide,6653.156
782,rsharmanlp,Ronda Sharman,6800.205
783,mbrockettlq,Marji Brockett,4230.475
784,lcranmorelr,Lesley Cranmore,6206.089
785,hwaightls,Hyacinthia Waight,4361.054
786,bduligallt,Booth Duligal,2642.617
787,gcaserilu,Georgina Caseri,2104.674
788,aclohiseylv,Adelice Clohisey,3487.426
789,bshepeardlw,Bibbie Shepeard,6556.134
790,gwoltmanlx,Gardy Woltman,7813.774
791,ndalziellly,Nicoli Dalziell,5745.837
792,dpachtalz,Daryl Pachta,3152.912
793,bpasslerm0,Barnard Passler,2229.496
794,atidridgem1,Austin Tidridge,7625.127
795,wcavillm2,Wait Cavill,4147.828
796,blambshinem3,Brigg Lambshine,3087.177
797,bguiduzzim4,Bambi Guiduzzi,7759.817
798,cloviem5,Constantine Lovie,2303.735
799,mszapirom6,Minnnie Szapiro,5737.168
800,dattowm7,Douglas Attow,6622.956
801,ldetloffm8,Lisette Detloff,7485.55
802,olenchenkom9,Odo Lenchenko,6734.404
803,gfreearma,Garrott Freear,2974.377
804,mkernaghanmb,Morly Kernaghan,6790.262
805,ttudhopemc,Tierney Tudhope,4105.928
806,ccomettomd,Cristie Cometto,3699.783
807,cschoenrockme,Candie Schoenrock,7753.793
808,dcardinalemf,Darda Cardinale,7760.308
809,bmolineauxmg,Bili Molineaux,7218.298
810,sguymh,Shannon Guy,5616.677
811,ipestermi,Iris Pester,4766.797
812,sfreebornmj,Shurwood Freeborn,4379.188
813,ccoatsworthmk,Clementina Coatsworth,5036.59
814,bbaggettml,Brooke Baggett,3424.504
815,rhabronmm,Regen Habron,7685.425
816,mpeasbymn,Mallory Peasby,7373.64
817,tkohlermanmo,Tess Kohlerman,7670.437
818,alindopmp,Allys Lindop,5052.965
819,hmiddlermq,Homer Middler,2139.629
820,gcaretmr,Glad Caret,5578.207
821,gwastlingms,Giuditta Wastling,2909.199
822,ccandwellmt,Clark Candwell,4719.476
823,lkillichmu,Lazarus Killich,7510.437
824,vdalliwatermv,Verney Dalliwater,7531.829
825,ddugoodmw,Daryl Dugood,7792.136
826,dshergoldmx,Danica Shergold,2225.341
827,hsperrettmy,Heriberto Sperrett,2284.575
828,nforsydemz,Nydia Forsyde,7369.236
829,acatheen0,Angelico Cathee,7570.375
830,mmucillon1,Marchall Mucillo,4247.594
831,gsuscensn2,Gavan Suscens,4813.744
832,mhiggann3,Marice Higgan,4396.356
833,egiovannettin4,Esma Giovannetti,5593.666
834,ssturdgessn5,Sharron Sturdgess,4708.552
835,fsandelsn6,Flory Sandels,5286.437
836,sbenchern7,Sibby Bencher,5192.59
837,atredgoldn8,Angelica Tredgold,3014.304
838,rgaynsfordn9,Ragnar Gaynsford,2335.048
839,kmapledoramna,Kirsteni Mapledoram,3677.703
840,eburnettnb,Esmeralda Burnett,5660.051
841,eknevitnc,Edi Knevit,7197.523
842,laldingtonnd,Leonore Aldington,5875.163
843,hvartyne,Halimeda Varty,5474.92
844,dsiebertnf,Dillon Siebert,2491.605
845,jjikyllsng,Jacky Jikylls,2062.74
846,ncrambnh,Nicol Cramb,5348.833
847,tarmesni,Taddeo Armes,7258.908
848,pfigurenj,Parry Figure,7205.996
849,gcharkenk,Garland Charke,3365.51
850,mlebondnl,Mary Lebond,3027.794
851,cfittnm,Charlean Fitt,3116.437
852,tstrydenn,Terrel Stryde,3423.154
853,rfilipowiczno,Roderic Filipowicz,7185.483
854,spaschonp,Starlin Pascho,5588.867
855,ometheringhamnq,Ondrea Metheringham,2286.764
856,kmackindernr,Knox Mackinder,5539.045
857,fhaquardns,Fedora Haquard,6710.306
858,stewesnt,Samantha Tewes,4063.677
859,sattewellnu,Shani Attewell,3193.489
860,aplayfordnv,Antony Playford,5313.132
861,vhillyattnw,Vaughan Hillyatt,3642.208
862,wackermannx,Whitaker Ackerman,5105.383
863,lzanelliny,Leupold Zanelli,2880.438
864,clevinnz,Constantine Levin,7512.104
865,acaudleo0,Amandie Caudle,3527.575
866,ccomettoio1,Cherish Comettoi,4583.495
867,ctudbaldo2,Christoper Tudbald,3426.37
868,kseaborno3,Kimberley Seaborn,6494.698
869,vgunnyo4,Venita Gunny,6604.521
870,atwiningo5,Anna Twining,4400.326
871,oembureyo6,Oriana Emburey,4351.252
872,wbeiningo7,Winifred Beining,6467.57
873,swallo8,Skip Wall,6566.712
874,ktenneyo9,Kerby Tenney,2133.923
875,smaryoa,Salaidh Mary,2159.181
876,dstrawbridgeob,Darb Strawbridge,2700.514
877,bsondlandoc,Bendix Sondland,5516.515
878,cmathiasod,Christi Mathias,6371.264
879,myglesiaoe,Mata Yglesia,6406.627
880,mmalitrottof,Marigold Malitrott,7207.857
881,bheppnerog,Briny Heppner,7493.203
882,abalkwilloh,Avram Balkwill,4759.64
883,amccorryoi,Adorne McCorry,5561.625
884,ptweddelloj,Pauletta Tweddell,5723.408
885,mturnerok,Miltie Turner,3934.435
886,imartonol,Iosep Marton,6409.034
887,hgreenoughom,Humfrid Greenough,6977.714
888,lsilkon,Lois Silk,2271.409
889,gkeigoo,Gwenore Keig,6019.692
890,baldersop,Berkley Alders,5374.652
891,dabelaoq,Deva Abela,6477.861
892,felliffor,Fred Elliff,6917.001
893,sstearsos,Sherry Stears,5900.323
894,gbartelliot,Gordon Bartelli,4430.664
895,kstarrsou,Kati Starrs,2871.879
896,achampneyov,Aarika Champney,7538.382
897,cclementelow,Cherye Clementel,6156.245
898,cabramovicox,Carmel Abramovic,5682.026
899,nlhommeoy,Nomi L'Homme,6340.247
900,mnicholasoz,Marley Nicholas,7711.844
901,cfeldbergp0,Court Feldberg,3068.822
902,hsnodayp1,Halie Snoday,7946.232
903,rlutwychep2,Randolf Lutwyche,6313.118
904,lcostarp3,Lucretia Costar,3021.615
905,erubroep4,Ediva Rubroe,5808.187
906,bthickettp5,Bil Thickett,7276.515
907,lgumeryp6,Loren Gumery,4763.417
908,lmahmoodp7,Lind Mahmood,2113.157
909,mwildmanp8,Maurie Wildman,7301.413
910,nmclicep9,Neysa McLice,3446.492
911,qstpa,Quinta St Clair,5553.826
912,cmattampb,Coraline Mattam,7617.029
913,ejuppepc,Emiline Juppe,6977.847
914,wmonseypd,Walsh Monsey,4079.716
915,ttruckettpe,Tris Truckett,5125.975
916,rfaulopf,Ron Faulo,2450.099
917,fromeipg,Franklyn Romei,3452.81
918,thabbeshawph,Toddie Habbeshaw,5754.452
919,sgillisonpi,Sileas Gillison,6113.694
920,asandelspj,Ayn Sandels,2133.294
921,pgoodburpk,Pavel Goodbur,7585.315
922,mfarquharpl,Michel Farquhar,6710.348
923,jhaysarpm,Janifer Haysar,4318.843
924,cbiltpn,Celina Bilt,7932.813
925,dgyorffypo,Danice Gyorffy,3655.475
926,ceasmanpp,Charlean Easman,7673.095
927,asisleypq,Andreana Sisley,3581.774
928,fsimeonspr,Finlay Simeons,5505.715
929,cabdyps,Cherry Abdy,5014.389
930,aedworthiept,Almeria Edworthie,3769.835
931,fghirigoripu,Felicity Ghirigori,6082.563
932,pnewbattpv,Panchito Newbatt,6108.0
933,dmoresbypw,Dionysus Moresby,7149.946
934,naloshikinpx,Nancy Aloshikin,4305.643
935,kmacpaikepy,Kit MacPaike,7607.136
936,lbrashpz,Lanie Brash,6653.55
937,gbellchamberq0,Gaspard Bellchamber,2155.431
938,etschierseq1,Etty Tschierse,7270.905
939,meberzq2,Marlena Eberz,5402.439
940,mtumeq3,Mable Tume,4140.07
941,ajumpq4,Alwyn Jump,6121.687
942,jmurreyq5,Jayme Murrey,2436.047
943,oelenq6,Olivia Elen,2273.478
944,nbartsq7,Nicolai Barts,5621.545
945,lwillbourneq8,Letti Willbourne,3413.144
946,sgronewayq9,Shalna Groneway,2526.243
947,hfliegerqa,Harvey Flieger,3026.453
948,slarterqb,Sheilakathryn Larter,4101.075
949,garnullqc,Garner Arnull,7810.02
950,ahachardqd,Ariadne Hachard,2009.621
951,apleaceqe,Allie Pleace,5235.586
952,dmablesonqf,Dulcinea Mableson,4786.955
953,ssexqg,Sharlene Sex,7756.842
954,drenolsqh,Devon Renols,4044.762
955,dpavittqi,Devonne Pavitt,5913.884
956,hchinnockqj,Hendrik Chinnock,2336.959
957,lkeeneqk,Lalo Keene,7420.762
958,anewtownql,Anton Newtown,3328.08
959,jdubberqm,Janot Dubber,6515.323
960,astollenwerckqn,Arleta Stollenwerck,6025.118
961,cmundwellqo,Carmelle Mundwell,6238.37
962,rkoeppkeqp,Robyn Koeppke,3587.781
963,jpuviaqq,Jacquenette Puvia,6032.416
964,ksideqr,Karyn Side,4376.413
965,rjerminqs,Rozina Jermin,2313.408
966,aheleqt,Allie Hele,2042.837
967,zosgodbyqu,Zarla Osgodby,6726.467
968,gmiereqv,Gregorius Miere,6009.338
969,nduligalqw,Nell Duligal,2563.213
970,amacenzyqx,Alison Macenzy,2466.324
971,morourkeqy,Miller O'Rourke,6907.149
972,sperriqz,Schuyler Perri,4184.958
973,obenedidickr0,Orelie Benedidick,2160.05
974,nchurchmanr1,Neron Churchman,4291.433
975,jannr2,Jo ann Dell'Abbate,3315.839
976,okeyselr3,Olympe Keysel,2467.844
977,fsyrier4,Faber Syrie,5568.766
978,nandreour5,Nichol Andreou,2843.306
979,gskainr6,Gail Skain,5637.612
980,hsykesr7,Harcourt Sykes,3707.928
981,eshorthouser8,Edita Shorthouse,4578.42
982,dgwinr9,Deanne Gwin,4151.351
983,fclaragera,Foss Clarage,4001.029
984,avlasenkovrb,Audre Vlasenkov,3407.842
985,bmcartanrc,Brice McArtan,5565.128
986,jgairdnerrd,Jaquith Gairdner,2280.343
987,jcuppittre,Joceline Cuppitt,2939.306
988,jadshedrf,Jodi Adshed,7769.826
989,rdaventryrg,Rockwell Daventry,2299.263
990,aleedalrh,Anastassia Leedal,7637.553
991,swalthori,Shay Waltho,5114.518
992,vlorkingsrj,Valentino Lorkings,6557.614
993,mgherardirk,Mala Gherardi,3983.316
994,kdunnanrl,Kliment Dunnan,7101.505
995,cjanesrm,Clareta Janes,3774.414
996,bhudspithrn,Booth Hudspith,7333.99
997,mkivlinro,Maison Kivlin,6457.208
998,cclewsrp,Cullie Clews,4941.068
999,tsiggeerq,Theo Siggee,6113.364
1000,bslowcockrr,Babs Slowcock,7040.799
