1,dcapoun0,Dedie Capoun,6568.614
2,bdecreuze1,Beckie Decreuze,6972.846
3,bbennen2,Blakeley Bennen,3006.619
4,ttythacott3,Therine Tythacott,2080.951
5,zjelleman4,,3505.671
,asisselot5,,2694.3
7,csutter6,Christalle Sutter,6261.74
8,cmcquilliam7,Correna McQuilliam,6653.197
9,rveighey8,Reinaldos Veighey,6619.743
10,rnorley9,Roslyn Norley,7963.034
11,tfazackerleya,Timofei Fazackerley,7838.474
12,kbangheb,Keeley Banghe,2784.323
13,kmccurdyc,Kleon McCurdy,6182.005
14,dbigglestoned,Dorolice Bigglestone,7233.894
15,asharmae,Ardine Sharma,5154.277
16,lslisbyf,Luke Slisby,5545.106
17,driccioneg,,
18,jdeh,Jorge De Gouy,5988.207
19,jcowmeadowi,Jennica Cowmeadow,2907.604
20,sstearnsj,Starr Stearns,
21,sswainsk,Simon Swains,7213.996
22,jjedrysl,Joycelin Jedrys,6753.686
23,ldrummondm,Lin Drummond,5113.731
24,ydengaten,Yurik Dengate,3121.515
25,kwandtkeo,Kristine Wandtke,7659.898
26,ecolliep,Everett Collie,4125.535
27,sblakemoreq,Siward Blakemore,
28,mcasfordr,Martie Casford,3805.426
29,cbenchs,Cacilia Bench,2478.285
30,sbraunsteint,Suki Braunstein,7063.66
31,tluceu,Terrence Luce,
32,rhalsteadv,Rozalin Halstead,4604.968
33,wpontainw,Winnifred Pontain,5632.229
34,pbradnamx,Patricio Bradnam,4606.521
35,uolageney,Ulrich O'Lagene,3110.585
36,hmerrellz,Hazel Merrell,7160.153
,acram10,Anson Cram,2562.934
38,sarthan11,Sibel Arthan,6657.465
39,smacqueen12,Storm MacQueen,6003.036
40,ifrewer13,Iolande Frewer,5468.532
41,kgoman14,Kirby Goman,6525.047
42,bwhapple15,Bel Whapple,6136.266
,kbroek16,Klarrisa Broek,
44,amullord17,Antons Mullord,7410.71
45,kchurchley18,Kristos Churchley,4338.562
46,,Levon Mahoney,2144.88
47,imacgraith1a,Irving MacGraith,6075.579
48,uohallihane1b,Uri O'Hallihane,4308.525
49,nkernley1c,Nolie Kernley,5918.598
50,gpiggens1d,Guinna Piggens,3585.406
51,ocavozzi1e,Osborne Cavozzi,3512.155
52,fsmithies1f,Flory Smithies,2902.911
53,tpayley1g,Taylor Payley,7886.176
54,lscreach1h,Lia Screach,5892.012
55,tgotthard1i,Trude Gotthard,5606.795
,dgodfree1j,Dyann Godfree,6342.332
57,jwhightman1k,Jacquelynn Whightman,2992.615
58,dcable1l,Doralia Cable,7512.382
59,branken1m,Barbi Ranken,6352.05
60,dswateridge1n,Danyette Swateridge,7849.481
61,wprettejohns1o,Wandie Prettejohns,6738.472
62,dwalworth1p,Dorri Walworth,3754.795
63,zpetkens1q,Zane Petkens,5847.272
64,mde1r,Mick De Roeck,5265.548
65,aweakley1s,Archaimbaud Weakley,5906.961
66,wzuanelli1t,Westbrooke Zuanelli,
67,ksibbson1u,Klement Sibbson,4205.674
68,knevinson1v,Kenyon Nevinson,7753.033
69,plebosse1w,,2092.229
,mdoddridge1x,Monte Doddridge,6409.196
71,lwais1y,Leo Wais,2382.549
72,ahanham1z,Alexandr Hanham,5626.038
73,mburdus20,Mel Burdus,6540.769
74,mmosley21,Marcille Mosley,3619.397
75,rdavidovich22,Rycca Davidovich,6135.448
76,,Lemmie Penk,2622.755
,jweippert24,Jolene Weippert,7578.914
78,pholbarrow25,Perren Holbarrow,4076.704
79,fhaydney26,Farlay Haydney,3439.886
80,mdorey27,Maxie Dorey,5732.674
81,tshallcross28,Timmie Shallcross,7790.219
82,thurdedge29,Tiena Hurdedge,
83,rfarfull2a,Randene Farfull,
84,fculy2b,Fernanda Culy,5595.636
85,apougher2c,Anna-maria Pougher,3333.515
86,debourne2d,Delmor Ebourne,
,cainslie2e,,
88,osmalley2f,,2633.224
89,ebenardet2g,Eugine Benardet,4592.338
90,mwesker2h,Mattias Wesker,5605.303
91,ibischop2i,Ivonne Bischop,7428.676
92,gmcgillivrie2j,Gretchen McGillivrie,5294.174
93,rdzenisenka2k,Ramon Dzenisenka,3757.817
94,hgiacobilio2l,Hobard Giacobilio,5128.388
95,icallingham2m,Itch Callingham,3789.376
96,,Goran Goudie,2762.9
97,eballintyne2o,Edyth Ballintyne,6994.413
98,dshorton2p,,5909.952
99,rhorsewood2q,Roland Horsewood,2222.145
100,ecavalier2r,,3999.477
101,tbarenskie2s,Terrel Barenskie,3782.963
102,mmatuszinski2t,Malena Matuszinski,7835.864
,ocallinan2u,,2791.784
104,aburge2v,,7722.215
105,eimesen2w,,5714.989
106,pdunlop2x,Pavia Dunlop,6091.218
107,msiley2y,Marie Siley,6256.903
108,gsmuth2z,,3560.984
109,osutterfield30,Odell Sutterfield,5602.197
110,mevetts31,Mitchel Evetts,6002.79
111,rbereford32,Ray Bereford,7506.011
112,pmold33,Pepita Mold,6114.744
113,lkliment34,Lenka Kliment,2155.398
114,ebisley35,Elka Bisley,2192.652
115,jdogerty36,Jeramey Dogerty,2054.008
,hrickarsey37,Hestia Rickarsey,7103.187
,,Merridie Elsdon,2468.721
118,kiacavone39,,2675.898
119,mbrendish3a,Mickie Brendish,2575.797
120,swooler3b,Shay Wooler,
121,ebigham3c,Erasmus Bigham,6820.849
122,eskevington3d,Ethelbert Skevington,3065.898
123,flisciandri3e,Fanny Lisciandri,
124,,Deane Hector,4764.922
125,cbusek3g,Colline Busek,4910.975
126,dlauchlan3h,Duke Lauchlan,7649.514
127,bseppey3i,Billy Seppey,2352.177
128,cchater3j,Cam Chater,7992.525
129,middy3k,,2247.858
130,cnorcross3l,Colet Norcross,7155.296
131,klaborde3m,Kristopher Laborde,7767.645
132,dkimm3n,Dominique Kimm,
133,,Jobye Knowles,7537.313
134,babethell3p,Brooke Abethell,
135,srobyns3q,Sherri Robyns,6663.67
,jjankin3r,Jenn Jankin,4791.745
137,mfeldfisher3s,Mellie Feldfisher,6604.448
138,bkeyes3t,Bernita Keyes,3055.541
139,rgunbie3u,Rad Gunbie,5190.872
140,jkearey3v,Jere Kearey,5311.796
141,rbukac3w,Raynard Bukac,6313.768
,jmeade3x,Jillayne Meade,
143,tgollard3y,Tristan Gollard,
144,,Kerrill Jenton,2102.92
145,,Rafaello Vlasin,7343.662
146,mtwidell41,Maggi Twidell,2937.716
147,lyggo42,Lydie Yggo,5568.032
,cummfrey43,Cully Ummfrey,2751.515
149,lhearthfield44,Lynn Hearthfield,6966.172
150,,Anastassia Drawmer,3702.273
,vmanthroppe46,Valli Manthroppe,6493.464
,rschwaiger47,Roi Schwaiger,2261.672
153,rkubalek48,Rorke Kubalek,6652.564
154,rarchbell49,Rycca Archbell,5793.153
155,lspeerman4a,Lee Speerman,5981.297
156,grenish4b,Goddart Renish,2549.777
157,cbulgen4c,Chiarra Bulgen,3282.575
158,jlorincz4d,Johna Lorincz,7493.794
159,aleathlay4e,Anastasie Leathlay,7547.296
160,jgrainge4f,Janos Grainge,4291.762
161,amaseres4g,Aile Maseres,2179.868
162,echantrell4h,Edmund Chantrell,5698.826
163,kharriskine4i,Katti Harriskine,6741.924
164,npetran4j,Nanny Petran,6461.345
165,dlebbern4k,Danica Lebbern,4454.938
166,mgonet4l,Merline Gonet,
167,psteele4m,Pepillo Steele,7677.467
168,ssprionghall4n,Sergent Sprionghall,6289.275
169,mspiers4o,Mike Spiers,6341.771
,etimmons4p,Ellsworth Timmons,3344.709
171,abruckstein4q,Alejandra Bruckstein,4086.558
172,gburnsides4r,Gale Burnsides,2752.788
173,hjackett4s,Hamid Jackett,7814.154
174,xandriss4t,Xever Andriss,4606.53
175,rabazi4u,Roley Abazi,3304.934
176,sbiernat4v,Seumas Biernat,5069.933
177,hcoomes4w,Henrik Coomes,3300.307
,cgueny4x,Crissy Gueny,3909.522
179,cflippen4y,,
180,bknightly4z,Bridie Knightly,4938.224
181,gcoutts50,Gerri Coutts,2821.162
182,rbeeke51,Randa Beeke,6210.196
183,bverner52,Bryna Verner,7700.722
184,goattes53,Genevieve Oattes,4411.703
185,sasee54,Svend Asee,6932.178
186,kfarndell55,,3773.044
187,rplom56,Rosaline Plom,5626.812
188,rread57,Rutger Read,3550.41
189,ahewson58,Ali Hewson,2809.732
190,bschruur59,Bartie Schruur,2234.013
191,chaggleton5a,Carver Haggleton,6463.572
192,ivlasyuk5b,Irene Vlasyuk,7989.739
193,ghassewell5c,Germaine Hassewell,7191.692
194,bharrowsmith5d,Blair Harrowsmith,7466.73
195,lchapman5e,Leola Chapman,2337.066
196,bebbles5f,Bertine Ebbles,5170.498
197,jlease5g,Jammal Lease,2837.83
198,bstiegars5h,Barron Stiegars,
199,tsmaleman5i,Thorpe Smaleman,3490.969
200,snunson5j,,2368.418
201,jmorling5k,Jefferson Morling,4487.467
202,bbrosini5l,Binny Brosini,2815.494
203,cgasken5m,Courtney Gasken,7404.537
204,,,5743.32
205,afarfull5o,August Farfull,6387.946
206,bslogrove5p,Brooke Slogrove,2627.724
207,ajarrel5q,Amye Jarrel,7122.739
208,ctaffe5r,,6806.65
209,tfarrears5s,Tommy Farrears,3638.988
210,hcortin5t,Hayley Cortin,3130.217
211,wrainer5u,Wain Rainer,3228.74
212,mglencorse5v,Marcille Glencorse,2773.143
213,zkitto5w,Zedekiah Kitto,2102.396
214,zoshields5x,Zollie O'Shields,6048.818
215,trable5y,Tye Rable,5791.096
216,blampe5z,Brew Lampe,7615.198
217,bluciani60,Bertrand Luciani,4190.709
,htooker61,Hashim Tooker,3091.032
219,ysoaper62,,7248.171
220,dashton63,Dorolice Ashton,3389.587
221,ehorlock64,Edan Horlock,3061.614
222,kawdry65,Kendre Awdry,
223,alassen66,Arleta Lassen,6866.523
224,mstangoe67,Monty Stangoe,4635.075
225,pmcowen68,Pattie McOwen,3161.888
226,acurds69,Ariella Curds,6015.805
,coxshott6a,Claudia Oxshott,2246.078
,eeyres6b,Emile Eyres,5173.503
229,vnickell6c,Vinita Nickell,2513.481
230,mchapelhow6d,Marin Chapelhow,4537.65
231,lheighway6e,Linette Heighway,5227.151
232,,Enrika Lightning,7519.289
233,fquestier6g,Flory Questier,3508.102
234,rabrahmovici6h,,2309.322
235,mfippe6i,,2932.343
236,bmound6j,Bradly Mound,2923.587
237,gsabate6k,Glenn Sabate,7853.948
238,smcwilliams6l,Sinclair McWilliams,5288.544
239,clukes6m,Catherina Lukes,2106.592
240,cmacfadden6n,Cassie MacFadden,3493.427
241,jjore6o,Jacinda Jore,3990.757
242,bwilcher6p,Buddie Wilcher,3281.0
243,hmccloud6q,Hasheem McCloud,6776.454
244,ttidcomb6r,Tallia Tidcomb,6688.562
245,miorizzi6s,Melvyn Iorizzi,4247.815
246,ntabram6t,Nicole Tabram,7851.963
247,cpresho6u,Carmela Presho,5850.9
248,hcogdell6v,Hans Cogdell,7710.882
249,cormiston6w,Cleon Ormiston,4469.429
250,escruby6x,Elmira Scruby,
251,phawkey6y,Pepillo Hawkey,3806.821
252,abarton6z,Alanna Barton,6275.797
253,vcutmare70,Valera Cutmare,5146.989
254,ecovil71,Elbert Covil,2861.454
255,trudloff72,Terrie Rudloff,6845.354
256,pboys73,Paddy Boys,2609.971
257,bexall74,,2377.461
258,,Harmonie Roscoe,5948.069
,,Ralina Bull,2650.702
260,,Pamela Berisford,6665.086
261,smcmillan78,Shermy McMillan,5645.318
262,jbrigginshaw79,Janice Brigginshaw,5592.329
263,tsyder7a,Tedie Syder,7156.104
264,rmcgarry7b,Rosanne McGarry,2969.522
265,lsaterthwait7c,Lewiss Saterthwait,3268.631
266,mthirwell7d,Michelina Thirwell,7412.033
267,dfriett7e,Dolph Friett,3151.26
268,bson7f,Bernetta Son,
269,jeddins7g,Josephine Eddins,3836.566
270,nturfrey7h,Nerte Turfrey,2118.512
271,wbreckell7i,Willard Breckell,
272,cbraemer7j,Claudelle Braemer,3397.995
273,wgallacher7k,Winny Gallacher,5775.263
,hduddell7l,Hughie Duddell,2211.089
275,akelwick7m,Artemis Kelwick,2891.368
,hlukas7n,Heda Lukas,4173.966
277,fsealove7o,Fonz Sealove,6914.916
278,poreilly7p,Pierre O'Reilly,5083.894
279,mmaylor7q,Maxie Maylor,3599.873
280,csarll7r,Carolin Sarll,4127.914
281,okneale7s,Omar Kneale,2096.012
282,lbushill7t,Lani Bushill,
283,unelhams7u,Ulrikaumeko Nelhams,
284,afloyed7v,Aldric Floyed,
,pfauguel7w,Penni Fauguel,5547.835
,epitney7x,Eileen Pitney,6869.581
287,,Johannes Lody,5316.905
,kmaldin7z,Ketti Maldin,7969.017
289,,Hazlett Gingel,4107.531
290,bwannan81,Bobbye Wannan,5390.842
291,bschulken82,Bertie Schulken,6159.079
292,lgraal83,,7760.879
293,lyate84,Liuka Yate,4515.517
294,abelton85,,6850.837
295,egoodwill86,Evelin Goodwill,4635.577
296,mbrithman87,Marietta Brithman,
297,cvasiliu88,Ceciley Vasiliu,5248.505
,dbyway89,Damian Byway,6837.941
299,momand8a,Miltie Omand,2413.695
300,mdursley8b,Mahmud Dursley,7106.05
301,gpilley8c,Gwyn Pilley,5356.054
302,lklimuk8d,Linc Klimuk,7108.824
303,rdaft8e,Randi Daft,3048.89
304,emunby8f,Elroy Munby,2953.061
305,kkittman8g,Kane Kittman,7669.471
306,kwimp8h,Kitty Wimp,3000.182
307,rnunn8i,Rozanne Nunn,4567.708
308,florentz8j,Fabian Lorentz,3507.572
309,amortel8k,Anabelle Mortel,6800.372
310,pklawi8l,Pamela Klawi,5901.366
311,ktrunkfield8m,Kathie Trunkfield,5148.289
312,cbiffin8n,Cherrita Biffin,2098.838
313,hbould8o,,5543.51
314,bdahmel8p,Bern Dahmel,4807.968
315,trannald8q,Thomas Rannald,3160.875
,ebreward8r,Ede Breward,2396.461
317,sslatten8s,Shawn Slatten,2393.879
318,mfilippozzi8t,Merrile Filippozzi,7179.49
319,twinterton8u,Tremayne Winterton,2314.305
320,jstanesby8v,Jehanna Stanesby,
321,cagirre8w,Clarissa Agirre,6364.93
,ohamner8x,Orelee Hamner,4798.057
323,cdahlborg8y,Cathlene Dahlborg,2252.161
324,obeche8z,Orsa Beche,6854.647
325,kantonellini90,,5419.303
326,iwhyte91,Immanuel Whyte,4025.323
327,ncroshaw92,Nevsa Croshaw,6141.203
328,smetrick93,Stearne Metrick,4940.001
329,lstempe94,,7888.294
330,arouthorn95,Agace Routhorn,
331,rkillford96,Reinaldo Killford,2928.574
332,hchatel97,Hubie Chatel,3391.356
333,ccockram98,,4332.576
334,acastellone99,Amberly Castellone,3896.723
335,smoxham9a,Saw Moxham,2612.461
336,celner9b,Christen Elner,3053.0
337,hbehrendsen9c,Hanna Behrendsen,6427.817
338,vfranssen9d,,2332.85
339,sbellfield9e,Sylvan Bellfield,2412.301
340,nevangelinos9f,Nikkie Evangelinos,3756.433
341,gmuttock9g,Geoffry Muttock,7083.8
342,jhalewood9h,Julie Halewood,5778.8
343,aniessen9i,Alexina Niessen,7719.919
344,tcowpland9j,Tish Cowpland,3686.337
345,tlightman9k,Timothy Lightman,4019.348
,cmatthieson9l,Cameron Matthieson,5538.479
347,arenfrew9m,Arley Renfrew,6151.727
348,treddecliffe9n,Tremaine Reddecliffe,2622.31
349,,Constanta Dimmick,
350,sboutcher9p,Steffane Boutcher,5737.934
351,eludwell9q,Erskine Ludwell,3961.05
352,gtayspell9r,Genna Tayspell,5593.934
353,mroostan9s,Mallissa Roostan,5804.967
354,edauncey9t,Erastus Dauncey,5983.533
,jkuhl9u,Juan Kuhl,5570.513
356,ehune9v,,7607.03
357,cbarbour9w,Creighton Barbour,4434.938
,,Jakob Lemanu,7884.794
359,clerhinan9y,,5428.976
360,ctraynor9z,Chelsie Traynor,4621.67
361,gstannaha0,,4618.239
362,kmaciaa1,Karissa Macia,2364.862
363,bmoylesa2,Brig Moyles,4507.797
364,pboycea3,Paxon Boyce,3577.777
365,rdupeya4,Rustin Dupey,4273.407
366,mskyppa5,Meghan Skypp,7255.544
367,adigancea6,Anton Digance,7417.89
368,npullingera7,Nicky Pullinger,
369,pasela8,Pippa Asel,3926.045
370,vsielya9,Valery Siely,5215.001
371,cpesteraa,,
372,mcaramusciaab,Miran Caramuscia,3727.708
373,hcreeac,Herbie Cree,4391.498
374,rchallinerad,Rosemaria Challiner,
375,dgaugeae,Di Gauge,
376,rgiraldonaf,Ronica Giraldon,6565.76
,nflageulag,,5921.395
378,cbarbaryah,Cariotta Barbary,7047.351
379,jfransecoai,Joellen Franseco,6462.29
380,mclymeraj,,
381,dhasellak,Diane Hasell,7370.574
382,aeyeral,,7632.878
383,telesanderam,Teddy Elesander,4227.888
384,kcanepean,Kori Canepe,2939.534
385,spinchinao,Sheryl Pinchin,2082.868
386,,Leann Mignot,7629.207
387,astarzakeraq,Aldous Starzaker,2267.763
388,cduigedar,Creight Duiged,5870.255
389,nardenas,Nefen Arden,6090.147
390,cwilmanat,Collin Wilman,7902.837
391,mjeaneauau,Mozes Jeaneau,6923.222
392,pllewhellinav,,6796.333
393,lcaizleyaw,Livvyy Caizley,6839.487
394,sasquithax,Sandy Asquith,2851.272
395,amcpeiceay,Augie McPeice,4623.963
396,sslyfordaz,Shepard Slyford,4006.743
397,druddinb0,Drew Ruddin,4044.156
398,eleitcheb1,Elyn Leitche,4427.425
399,slewerb2,Silas Lewer,7106.496
400,swieldb3,Sondra Wield,6231.56
401,enevittb4,Esmeralda Nevitt,2403.532
402,eperellob5,Ernesta Perello,4213.85
403,clangdridgeb6,Chan Langdridge,2468.9
404,arotchellb7,Angelina Rotchell,5142.157
405,yruckledgeb8,Yolanda Ruckledge,2519.884
406,dioanb9,Delphinia Ioan,5022.81
407,oshelleyba,Oliver Shelley,4521.645
408,twilflingerbb,Tyler Wilflinger,4940.836
,cdinnagebc,Charlton Dinnage,4429.417
410,tburdisbd,,3322.423
411,cpawlickbe,,5691.734
412,bperringbf,Brittani Perring,5945.477
413,ldantonibg,Lucas D'Antoni,5298.781
,mgroomebridgebh,Myrtice Groomebridge,5609.641
415,,Sharon Gyorffy,5124.775
,gawinbj,Gail Awin,7935.794
417,ibangleybk,,3001.315
,gdukesbl,Gabriellia Dukes,3792.802
419,cbartropbm,Cullan Bartrop,6142.861
420,thaslinbn,Tommy Haslin,7324.169
421,dtinghillbo,Demetre Tinghill,6784.708
422,mporcherbp,Marissa Porcher,4945.56
423,abuttlebq,Alanah Buttle,5591.002
424,ebroadfootbr,Elka Broadfoot,6364.448
425,jelwillbs,Joelly Elwill,7408.062
426,jblackneybt,Janessa Blackney,3312.83
427,tfardybu,Theresita Fardy,3135.637
428,cslinnbv,Crysta Slinn,
,kaggasbw,Koenraad Aggas,7788.264
430,pbruneaubx,Philippa Bruneau,2961.129
431,cfugeby,Carena Fuge,4593.129
432,cespleybz,Constantin Espley,3631.646
433,ffetherstonc0,Flemming Fetherston,5056.67
434,,Bastian Ipplett,2025.35
435,rvictorc2,Ragnar Victor,5991.262
436,trablenc3,,6305.632
437,rjerremsc4,Robinet Jerrems,3115.886
438,vedmottc5,Viviyan Edmott,5084.988
439,bpettigrewc6,Bary Pettigrew,7992.226
440,fhallowayc7,Freedman Halloway,3162.969
441,ltrittonc8,,6559.71
442,rgilchristc9,Rowan Gilchrist,2222.171
443,mmatfieldca,Mahmoud Matfield,3977.258
444,,Benjy Rainger,6731.397
,tlemerchantcc,,3302.185
,bcodecd,Benedetto Code,6042.088
447,htitchenerce,Huberto Titchener,5873.19
448,vedelstoncf,Vail Edelston,2061.191
449,avearcg,Alec Vear,
,jofogertych,Jamima O'Fogerty,7950.648
451,tburnallci,Trip Burnall,2515.743
452,aderlcj,Alano Derl,3056.095
453,kmoffetck,Karlotte Moffet,6841.774
454,gbalkwillcl,Gale Balkwill,4801.215
455,mlowellcm,Michaella Lowell,4981.039
456,tbachcn,Tuck Bach,
457,ljoliffeco,Lindy Joliffe,7370.282
458,oannakincp,Ola Annakin,4824.113
459,ijorckcq,Isadora Jorck,4676.142
460,,Wake Hartright,
461,fbrindlecs,Frank Brindle,6835.146
,rbaxendalect,Rozina Baxendale,
463,ajobbingscu,Alex Jobbings,2869.527
464,clafflinacv,,7370.597
465,rlexacw,Rivalee Lexa,6827.003
466,,Gonzalo Medcalf,6757.932
,tsiretcy,Trixi Siret,3890.209
468,lwaplescz,,7094.692
469,sbeekmannd0,Sutherlan Beekmann,5222.904
,qruffd1,Quinn Ruff,2681.51
471,glittletond2,,6135.454
,wlowdhamd3,Wolfgang Lowdham,6129.789
473,mphippd4,Maggee Phipp,
474,mbattd5,Mathian Batt,2087.004
475,whaulkhamd6,Wainwright Haulkham,4292.463
476,bjurgend7,,3724.682
477,fcrimind8,Fernando Crimin,5345.09
478,paspinwalld9,Price Aspinwall,3259.925
479,atommasida,Agnese Tommasi,5833.487
480,bmenhamdb,Boigie Menham,
481,kcreandc,Karena Crean,
482,jbackshawdd,Jo-ann Backshaw,4952.886
483,croomede,Christa Roome,6246.758
484,mblaberdf,,4030.496
485,smatussovdg,,2969.239
486,fbellfielddh,Fabiano Bellfield,7816.064
487,hgotobeddi,Humfrid Gotobed,5775.0
488,cnanodj,,4493.173
489,cdavidsondk,Conn Davidson,5157.075
490,ajouandetdl,Archambault Jouandet,6325.962
491,esivilldm,Esther Sivill,2521.791
492,nfairmandn,Nevin Fairman,4449.47
493,vsainerdo,Virgilio Sainer,2223.324
494,ctewdp,,5402.4
495,fdjurdjevicdq,Fern Djurdjevic,3364.389
496,kjarnelldr,,5075.003
497,vjosephsonds,Valentino Josephson,3379.417
498,lwilcotdt,Laura Wilcot,7163.624
499,emahodydu,Ericha Mahody,6366.298
500,agrenfelldv,Alicia Grenfell,4017.204
501,,,3665.04
502,ssanbrokedx,Samaria Sanbroke,2094.983
503,etonguedy,Edd Tongue,5668.409
504,mbraggerdz,Meredeth Bragger,7107.649
505,nellingse0,,6997.724
506,kbilbeee1,Kory Bilbee,3128.72
507,ncorbishleye2,Nate Corbishley,6613.265
508,smenise3,Stacee Menis,5130.088
509,hconahye4,Hieronymus Conahy,5261.414
510,ntorree5,Nance Torre,
511,tsinnockee6,,4481.477
512,cdabornee7,Courtnay Daborne,
513,temmanuelie8,Tabbitha Emmanueli,3320.3
514,dmuscate9,Demott Muscat,4856.212
515,ctomanekea,Cullin Tomanek,5132.957
516,dwoodiereb,Drusy Woodier,6580.068
517,ebedenhamec,Edvard Bedenham,6513.518
518,iolpherted,Ivette Olphert,
519,dbridgstockee,,6141.027
520,ppawelczykef,Pieter Pawelczyk,2277.065
521,dbrewseeg,,3591.439
522,msumpnereh,Mari Sumpner,
523,hmckinstryei,Henriette McKinstry,6176.682
524,wsierej,Way Sier,6844.849
,egobelek,Enrika Gobel,2196.462
526,,Lyndel Belasco,3867.754
527,,Lorrie Horley,
528,rbonnavanten,Ric Bonnavant,3184.229
529,smoreinueo,Storm Moreinu,7961.527
530,vneildep,Verna Neild,7513.405
,edownageeq,,6643.573
532,gpagitter,Gabriel Pagitt,6289.685
533,nfrederickes,Nari Frederick,7285.547
534,horgelet,Hirsch Orgel,5406.348
535,sfeavyoureu,Seymour Feavyour,4910.475
536,kscobleev,,5719.025
,nmytonew,Nicholle Myton,2753.715
538,ddycheex,Donnajean Dyche,5611.136
539,coey,Catharine O' Finan,2361.344
540,jricciardoez,,3684.78
,kornilsf0,Kial Ornils,6995.755
542,zjermyf1,Zondra Jermy,5739.376
543,phellyarf2,Pepita Hellyar,4785.371
544,rdecayettef3,Rowland Decayette,2009.766
,spydcockf4,Susette Pydcock,2721.05
546,sfehnerf5,Sianna Fehner,7870.655
547,lhumbellf6,,6135.083
548,rcruessf7,,3902.149
549,rraynef8,Rena Rayne,5026.586
550,hshevelinf9,Hildy Shevelin,2099.009
551,bmithamfa,Breena Mitham,7115.864
552,rivattsfb,Redford Ivatts,4166.19
553,lofinanfc,Lars O'Finan,4218.083
,ymatteolifd,,3702.626
555,bitzaksonfe,Boone Itzakson,3565.976
556,smcerlaineff,Stern McErlaine,3081.422
557,efeldbaufg,Eugenius Feldbau,6278.872
558,lstoitefh,Lezlie Stoite,2867.438
559,mdictefi,Meredith Dicte,3513.893
560,mmedlerfj,Monica Medler,5774.531
561,hhastelowfk,Harley Hastelow,6986.102
562,wwaleranfl,West Waleran,2914.568
563,wguinnessfm,Wakefield Guinness,7850.323
564,cgronauerfn,Carlie Gronauer,7876.859
565,predhousefo,,7427.82
566,bglynefp,,6505.8
,hgrieffq,Humfrey Grief,4136.342
568,kdellarfr,Kelsi Dellar,6594.679
569,amacneilfs,Alano MacNeil,6655.473
570,esouchft,,2112.491
571,bglencrosfu,Berny Glencros,
572,vsalackfv,Vasili Salack,4211.225
573,lhalidayfw,Larissa Haliday,6107.768
574,dbritcherfx,Delcina Britcher,3338.559
575,,Carolin Enns,6750.401
576,arissomfz,Andie Rissom,3238.115
577,thawkswellg0,Teodoro Hawkswell,7734.51
578,zdodleg1,,7730.835
579,rreisensteing2,Raquela Reisenstein,2278.404
580,gbortolozzig3,Gerianne Bortolozzi,4542.626
581,,Cam Critchard,
582,gtemprellg5,Ginnifer Temprell,7462.747
583,asloranceg6,Ash Slorance,
584,dackermang7,Dirk Ackerman,3943.264
585,mtrurang8,Morna Truran,5632.61
586,chazeltineg9,Cassey Hazeltine,6726.423
,,Diana Culcheth,3590.769
588,toliphandgb,Tynan Oliphand,7042.422
589,kohenerygc,Karla O'Henery,6418.023
590,struggiangd,Sybille Truggian,7548.432
591,acazaletge,Ashien Cazalet,5549.782
592,mgoulbourngf,Mia Goulbourn,7861.571
593,ccansfieldgg,Clementina Cansfield,2221.896
594,,Denny Rosenfelt,4757.445
595,jmustardegi,Jillie Mustarde,7704.102
,cnotmangj,Christy Notman,6105.75
597,gyendallgk,Gannie Yendall,5251.974
598,asakergl,Arie Saker,4693.399
599,gfontelgm,Gibby Fontel,7932.332
600,gbiesterfeldgn,George Biesterfeld,2388.819
601,cnottinghamgo,Carolynn Nottingham,2261.136
602,dbumgp,,3753.98
603,egearegq,Erasmus Geare,5172.285
604,ibrownscombegr,Isidora Brownscombe,5782.702
605,gmarietongs,Glen Marieton,4824.804
606,ggiovannaccigt,,4368.689
,apotzoldgu,Anselm Potzold,5711.531
608,nbletsorgv,Nicko Bletsor,6711.736
609,shaibelgw,Sheila Haibel,6432.902
610,ecosbeygx,,2446.868
611,rgraylinggy,Rosemonde Grayling,6527.533
612,dreadwoodgz,,6571.761
613,hwordleyh0,Hinda Wordley,4114.576
,,Garv Stollman,6131.826
615,ttamash2,Tammy Tamas,6741.156
616,wwhopplesh3,Willey Whopples,7025.137
617,btittertonh4,Broderic Titterton,2303.373
618,calfusoh5,,6878.719
,vjagielloh6,Vaughan Jagiello,3463.279
620,blandsbergh7,Bran Landsberg,6230.115
621,jemsdenh8,Jeanette Emsden,3633.62
622,avallerineh9,Arielle Vallerine,4114.902
623,ebarkhouseha,Ellwood Barkhouse,
624,wcongdonhb,Waneta Congdon,5850.489
625,cdebruinhc,,4963.187
626,dclickhd,Dicky Click,7900.509
627,pgriersonhe,Palm Grierson,2275.391
628,caxcellhf,Cassaundra Axcell,4497.429
629,toakeyhg,Tova Oakey,2308.438
630,eburburoughhh,Elna Burburough,3474.523
631,nmaddoxhi,Nathanael Maddox,3101.112
632,pthredderhj,,
,eadamouhk,,7557.191
634,osavatierhl,Odey Savatier,6438.884
635,bbrolanhm,,7679.537
636,tclowsleyhn,Tori Clowsley,
637,cjanewho,Curtis Janew,4319.725
638,hlintheadhp,Henriette Linthead,
639,glongmanhq,Gan Longman,5194.612
640,jjopkehr,Jill Jopke,3989.077
641,melcumhs,Miguela Elcum,5548.806
642,ldwelleyht,Lon Dwelley,2054.596
643,smcgauhyhu,Scotti McGauhy,5624.992
644,locarrolhv,Lorenza O'Carrol,3461.655
645,mtuxwellhw,Marian Tuxwell,4863.502
646,ghubballhx,Garv Hubball,6709.803
647,wcanniffehy,Wolfy Canniffe,3676.43
648,efarnhamhz,Ethel Farnham,7456.562
,gpuckhami0,Geordie Puckham,5239.354
650,sbeechcrafti1,Sonnie Beechcraft,7126.502
651,ghryceki2,,5148.8
652,ahartridgei3,Allison Hartridge,2613.872
653,afilpoi4,Annmaria Filpo,5579.064
654,iedwinsoni5,Isaiah Edwinson,3766.123
655,hsalvadorei6,Hastie Salvadore,7668.103
656,rroddai7,Romola Rodda,6679.934
657,educei8,Elias Duce,5091.738
658,tparamorei9,Tannie Paramore,2422.852
659,dlawesia,Daisie Lawes,3799.128
660,pelkingtonib,Pietro Elkington,4116.268
661,osumpneric,,4995.035
662,dhumphrisid,Dory Humphris,4177.369
663,dcoulthardie,Delinda Coulthard,6275.216
664,cstegglesif,Crawford Steggles,2896.303
665,apeddelig,Alicea Peddel,2793.646
666,cranaghanih,Chrissie Ranaghan,6812.722
667,asooleyii,Antony Sooley,5750.562
668,fhambeltonij,Franklyn Hambelton,2871.927
669,jsivernsik,Jannel Siverns,5910.121
,eallittil,Elise Allitt,2689.004
671,kcolliverim,,6762.586
672,nthiemein,Nanice Thieme,6619.669
673,emaskelyneio,Esme Maskelyne,2128.809
674,cvedekhovip,Chicky Vedekhov,2798.743
675,kjendruschiq,Kinnie Jendrusch,7974.424
,aforrestir,Annis Forrest,5022.6
677,wsherrocksis,Winnie Sherrocks,6632.19
678,rcaustickit,Randy Caustick,2402.633
679,gredmondiu,Griselda Redmond,7475.892
680,ischereriv,Inness Scherer,6688.017
681,,Berthe Savins,2160.668
682,emathieix,Eldon Mathie,3143.897
683,jsebrightiy,Joyous Sebright,3580.413
684,mtuckermaniz,Marys Tuckerman,2850.772
685,mchastelainj0,Modestine Chastelain,4383.143
686,vdundridgej1,Vale Dundridge,
687,ccluleej2,Consalve Clulee,
688,egrundyj3,,6813.5
689,ewissbeyj4,Emilia Wissbey,
690,ejurkiewiczj5,Emmalynne Jurkiewicz,4551.741
691,moliveyj6,Mellisent Olivey,6691.246
692,ygillinghamsj7,Yance Gillinghams,2626.778
693,awitterj8,Angelique Witter,2487.08
694,blarwayj9,,6695.26
695,cscempja,Creight Scemp,7494.913
696,zpindelljb,Zechariah Pindell,4292.38
,klucejc,,2970.354
698,,Keefer Sleicht,
699,hthundermanje,,4022.548
700,mdeplacidojf,Matt Deplacido,3957.194
,hharrowjg,Hunter Harrow,5440.336
702,dkearleyjh,Demetre Kearley,6446.851
703,rfliggji,Roxy Fligg,5927.986
704,ebricketjj,,5295.701
,cmaylamjk,Chick Maylam,5697.73
706,gcheetamjl,Gregoor Cheetam,7998.448
707,hbrandenbergjm,,6938.715
708,featockjn,Francesca Eatock,5694.485
709,,Perren Brice,2745.579
710,vkasperskijp,Vladimir Kasperski,6965.346
711,dsmizjq,Darius Smiz,
,rgulyjr,Randal Guly,5800.484
713,gjilesjs,Gwynne Jiles,3395.813
714,jkeighleyjt,Jonah Keighley,4359.079
715,,,6593.011
716,,Vanya Wanless,2626.188
717,gfawderyjw,Germayne Fawdery,
718,aplemingjx,Aretha Pleming,4864.879
719,mschumacherjy,Morganica Schumacher,3813.223
720,zpotteridgejz,Zia Potteridge,3312.08
721,vgallymorek0,Vince Gallymore,4713.63
722,sgilleasek1,Skip Gillease,2154.753
,hhuertask2,Hannis Huertas,3508.048
724,hhutablek3,Hakeem Hutable,
725,jsearchwellk4,Jamie Searchwell,6365.287
726,,Bendick Purbrick,2288.282
727,,Georgy Landell,6007.74
728,,Tina Clift,3281.295
729,brichingsk8,Bord Richings,4958.821
730,cdutnellk9,Cyndi Dutnell,7275.122
731,eciceroneka,Emmi Cicerone,7255.059
732,pbolwellkb,,5844.461
733,eshipperbottomkc,,2717.517
734,ddaoutkd,Dex Daout,4820.882
735,cjollandke,Corrie Jolland,6534.632
736,hgiffordkf,Hamish Gifford,6927.396
737,iboundeykg,Ive Boundey,2049.478
738,soraffertykh,Stu O'Rafferty,7138.132
,cliddiardki,Cheri Liddiard,6563.748
,hheppnerkj,Helaine Heppner,7969.083
741,dizkovicikk,Doy Izkovici,5716.23
742,lmeahkl,Lem Meah,2871.697
743,reastopekm,Rodge Eastope,4950.861
744,tbulbrookkn,Tomkin Bulbrook,
,rlevershako,Roberto Leversha,2680.467
746,cwaldenkp,Cleveland Walden,6599.296
747,florainekq,Felicia Loraine,2751.862
,agandeykr,Adaline Gandey,3548.808
749,,Raf Brookshaw,6354.917
750,etripetkt,Ester Tripet,5666.714
751,vtrillku,Vasili Trill,3030.153
752,sbynoldkv,Sidonnie Bynold,5929.47
753,bhowtonkw,Blithe Howton,2124.651
754,cnorquaykx,Cullie Norquay,
755,ngadeauxky,Northrup Gadeaux,2459.734
756,dcoombekz,Dean Coombe,6841.394
757,jciobutarul0,Johann Ciobutaru,6482.403
758,spicknettl1,,4812.949
759,pmcffadenl2,Pren McFfaden,2334.223
,dbartoshevichl3,Drucill Bartoshevich,6655.787
761,,Lionello Sneezum,6698.994
762,lshieberl5,Larissa Shieber,3651.496
763,aalastairl6,Alan Alastair,7608.601
764,gseeviourl7,Georgine Seeviour,7823.415
765,ccordelettel8,Codie Cordelette,7997.564
766,fwilkiel9,Franciska Wilkie,6743.202
767,bbearnsla,Binny Bearns,5485.853
768,gmaccrackanlb,Gabbie MacCrackan,4701.449
769,ycollocottlc,Yul Collocott,6048.55
770,icarnalanld,Isabella Carnalan,6262.84
771,apalffyle,Agna Palffy,4271.008
772,arevelllf,Allyson Revell,6926.742
773,dmattussevichlg,Denyse Mattussevich,4358.62
774,teisikowitchlh,,
775,ptrythallli,Perry Trythall,4814.432
776,dcrownshawlj,Dew Crownshaw,
777,eraynelk,Evangelia Rayne,2673.417
778,deckleyll,,3211.404
779,,Page Cottingham,
780,cgetcliffeln,Caldwell Getcliffe,5140.623
781,kceschinilo,Katee Ceschini,3229.372
782,myoelllp,Milton Yoell,2247.767
783,hpagelsenlq,Hester Pagelsen,4537.674
784,dridulfolr,Dael Ridulfo,4583.528
785,cbannonls,Clarita Bannon,
,,Doe Rubinow,
787,cblackstocklu,,6547.803
788,cmonganlv,Caprice Mongan,5475.193
789,elomblw,Eugenie Lomb,7009.075
790,ahuishlx,Abbot Huish,3173.739
791,bhalkyardly,Belva Halkyard,2508.555
792,mmatyushkinlz,Milena Matyushkin,4572.814
793,rbaudym0,Rodolphe Baudy,3674.407
794,jgarwillm1,Janie Garwill,3465.547
795,cbootymanm2,Carmine Bootyman,4000.207
796,eormondem3,Edeline Ormonde,3584.96
797,rheislerm4,Ruthi Heisler,6710.253
798,aweatherupm5,Amelia Weatherup,7803.626
799,,Dari Rundall,
800,lmacalroym7,Lyn MacAlroy,7971.267
801,mmaccumiskeym8,Myron MacCumiskey,6562.925
802,ttiemanm9,Tull Tieman,2838.484
803,tmulvaghma,Teresita Mulvagh,2238.655
,wprattonmb,Wayland Pratton,2141.957
805,treithmc,,6273.328
806,mingrammd,Myrtle Ingram,3718.451
807,dsterleyme,Dode Sterley,7344.061
808,mgrimemf,Marlo Grime,3700.533
809,acastiglionimg,Abram Castiglioni,3339.782
810,npaulichmh,Noell Paulich,7039.347
811,saguttermi,Shandra Agutter,5958.104
812,spophammj,Stafani Popham,6057.788
813,mrenwickmk,Meg Renwick,7952.761
814,afransecoml,Abdel Franseco,2049.33
815,bbachermm,Brooke Bacher,7722.115
816,mhapkemn,Malanie Hapke,5954.43
817,oshilitomo,Oralie Shilito,7657.102
818,ghitschkemp,Granny Hitschke,5104.757
819,dexermq,,4494.413
820,bgamwellmr,Bettye Gamwell,5355.507
821,flindupms,Ferd Lindup,6210.386
822,mchatanmt,Marquita Chatan,
823,svasenkovmu,,7914.07
824,vantoniomv,Valerie Antonio,5911.702
825,aritchleymw,Alyse Ritchley,5286.708
826,vrapemx,Vera Rape,2939.138
827,griccettimy,Gaylor Riccetti,4980.032
828,tmorpethmz,,4256.037
829,jdunderdalen0,Jarvis Dunderdale,2729.581
830,dmitien1,Donny Mitie,2177.72
,ewynchn2,Emmi Wynch,2350.238
,bekkeln3,Bartholomew Ekkel,
833,lpigromen4,Lorraine Pigrome,6198.619
834,rfellonn5,Rabbi Fellon,6678.78
835,,Dulcie Edwinson,7980.412
836,aclementsn7,,
837,mpennycookn8,Margarethe Pennycook,6168.262
838,ldowsingn9,,5498.152
839,nbotgerna,Newton Botger,5017.388
840,eeilhartnb,Erma Eilhart,7441.215
841,pjiruchnc,,4571.252
842,tdixiend,,3654.645
843,rdettmarne,Robbie Dettmar,2816.342
844,rgumnnf,Rudd Gumn,3054.62
845,leaglestoneng,Leanor Eaglestone,2600.148
846,shamsherenh,,4778.246
847,kkingni,Kristo King,7998.059
848,gscamadennj,Gert Scamaden,5279.89
849,sscullardnk,Sammy Scullard,6369.023
850,ndallnl,Nikki Dall,5345.124
,anendicknm,Allistir Nendick,5389.309
852,psmythinnn,Phillip Smythin,7962.597
853,fechelleno,Finley Echelle,4147.565
854,tcreightonnp,,5742.777
,shelsbynq,Shaina Helsby,5691.85
856,msemeradnr,Madge Semerad,4170.909
857,tfishpoolns,Tiffi Fishpool,2404.403
858,csollonnt,Chase Sollon,7400.316
859,,Donny Eldon,6201.774
860,,Trevar Buzza,7270.962
861,,Kassey Reinmar,5114.655
862,achamberlainnx,Alva Chamberlain,3529.803
863,rwibrowny,Rhody Wibrow,2031.874
864,sjedrysnz,Selia Jedrys,3337.667
865,,Iain Danielis,4222.793
866,asinnocko1,Addi Sinnock,3870.802
867,pbaildono2,Pete Baildon,3188.263
,cstayto3,Christie Stayt,5258.883
869,wcrebbino4,Willy Crebbin,5664.336
870,htaffreyo5,Huey Taffrey,3255.617
,mternoutho6,Murvyn Ternouth,
872,seglingtono7,Sybila Eglington,3242.758
873,nnorthridgeo8,Nicolea Northridge,4532.555
874,pjoslino9,Penn Joslin,4682.673
875,esloleyoa,Elane Sloley,4852.158
876,mdrinkeldob,Madlin Drinkeld,
877,,Felipa Farnish,4450.619
878,,Gwynne Giorgione,2061.513
879,cbossomoe,Catherine Bossom,5913.518
880,vstartenof,Valdemar Starten,2183.841
881,lstaveleyog,Lillis Staveley,3025.603
882,jcrummeyoh,,7324.075
883,cdreossioi,Clarice Dreossi,2115.221
884,odangelioj,Oralla D'Angeli,7281.856
885,nbrettonerok,Norman Brettoner,2331.596
886,bfavillol,Broddy Favill,2846.314
887,dtabrettom,Dougy Tabrett,
888,spieteron,Sharron Pieter,6633.816
889,ufarranceoo,Uta Farrance,7200.44
890,sizatop,Starlene Izat,
891,gnewsteadoq,,3140.095
,dbriggor,Donall Brigg,
893,rgilbankos,Raoul Gilbank,
894,vconnockot,Virgie Connock,2127.81
895,cjeffcoateou,Cooper Jeffcoate,6588.039
896,soldfordov,Star Oldford,4972.278
897,ffranzkeow,Fancie Franzke,6566.433
898,wirdaleox,Wileen Irdale,7281.45
899,mperllmanoy,Merwyn Perllman,6383.69
,tchattawayoz,Theodor Chattaway,7487.627
901,kfarniep0,Kirsteni Farnie,7086.232
902,djiroutekp1,Durant Jiroutek,2676.025
903,lmartlewp2,Leticia Martlew,4510.579
904,cantoniasp3,Cristabel Antonias,7524.52
905,wwindressp4,,5264.805
906,,Sheffy Gladebeck,5297.761
907,kpacherp6,Kylynn Pacher,3146.617
908,tcallawayp7,Todd Callaway,4681.474
,,,7655.423
910,rcastanagap9,Robenia Castanaga,3200.752
911,rcairdpa,Rhonda Caird,5674.974
912,srenzullopb,Sharlene Renzullo,
913,cgurradopc,Cora Gurrado,6192.851
914,hniccolspd,,6467.394
915,rbainepe,Raphaela Baine,2911.641
916,fvurleypf,,3530.9
917,uillempg,Ursa Illem,6604.019
918,adreossiph,Angie Dreossi,2814.717
919,wortnerpi,Wandie Ortner,5236.574
920,aeustespj,Alexandrina Eustes,5946.356
921,,Henry Strutley,3941.848
922,rbisppl,Regen Bisp,2206.569
923,mtommenpm,Mavis Tommen,
924,nmckissackpn,Napoleon McKissack,7946.164
925,likringillpo,Lee Ikringill,6975.199
926,omoughtinpp,Odele Moughtin,4948.844
927,rneatepq,Renard Neate,4341.682
928,scheshirpr,Stormie Cheshir,4265.193
929,,Matthieu Danson,7135.393
930,arollespt,Adolphus Rolles,
931,imacavddypu,Ivette MacAvddy,6188.327
932,lpirozzipv,Lissa Pirozzi,3492.061
933,jgundapw,Julie Gunda,6713.599
934,jmelsompx,Josee Melsom,4806.123
935,sbentsenpy,Stacee Bentsen,2288.431
936,rgrovenpz,Rubin Groven,4280.241
937,nsutorq0,Norma Sutor,2953.48
938,,Chanda Durning,3712.365
939,,Marysa Clemenzo,4983.858
940,bscholardq3,,4212.414
941,lsamberq4,Linn Samber,4320.877
942,ogilmartinq5,Odo Gilmartin,4723.331
943,acouparq6,Andrea Coupar,5979.177
944,jgennrichq7,,3311.162
945,dmariaultq8,Derril Mariault,2544.81
,csumpnerq9,Claudetta Sumpner,5870.006
947,dlevittqa,Dorri Levitt,4918.792
948,cshambrookqb,Cybil Shambrook,5980.634
949,iottosenqc,Ilene Ottosen,7050.402
950,iodonovanqd,Isidore O'Donovan,2484.883
951,nwrennallqe,Nadia Wrennall,5184.727
952,cphippqf,Cecil Phipp,3713.481
953,jmcgarvaqg,Julietta McGarva,4298.875
,sfereqh,,3245.19
955,bwensleyqi,Bartram Wensley,3434.968
,lhatcliffeqj,Lolly Hatcliffe,7589.051
957,abartosqk,,2816.762
958,jcannql,Jackie Cann,7238.791
,oclericoatesqm,,6327.018
960,,Clyde Kenwright,6536.971
961,scharrierqo,Say Charrier,4555.575
962,bjaneqp,Bernardo Jane,3527.044
963,eodoghestyqq,,
964,gjentonqr,Gustaf Jenton,6309.787
965,fmatusqs,Frederic Matus,2530.217
966,,Benito Creggan,5724.753
967,anorthillqu,Annmarie Northill,7983.573
968,hdampneyqv,Hatty Dampney,4500.631
969,ceydelqw,,5144.038
970,livettsqx,Lyndell Ivetts,3276.072
971,vcannawayqy,Veradis Cannaway,5068.23
972,jhindgeqz,,6759.716
973,cchildsr0,Catlee Childs,6799.21
974,,,5649.084
,lhigbinr2,Lewes Higbin,5834.917
976,grubinovicir3,Garold Rubinovici,7401.387
,,Halsy Leipold,7661.052
978,mpeatmanr5,Melodee Peatman,2000.761
,cgleadler6,,4571.25
,ksouthernr7,Kynthia Southern,
981,lsplevingsr8,,6253.091
982,kmacgillacolmr9,Kinna MacGillacolm,
983,lsiredra,Lisetta Sired,2678.539
984,lsmithiesrb,Lilith Smithies,2501.515
985,,,5193.714
986,camangerrd,Celia aManger,7134.748
987,djoriozre,Desmund Jorioz,6832.82
988,jcurrrf,,7066.666
989,lroserg,Laure Rose,5404.276
990,kcesaricrh,Kalindi Cesaric,5776.155
991,asonesri,Ailee Sones,3322.633
992,jazemarrj,Jennette Azemar,3685.753
993,emartinsrk,,6286.086
994,ebrownsworthrl,,6181.907
995,revettrm,,5494.208
996,jgrzegorzewiczrn,,3988.3
997,jaberkirdoro,Jarrad Aberkirdo,6741.97
,rkubasiewiczrp,Ruthann Kubasiewicz,4404.901
999,jfayerbrotherrq,Jolyn Fayerbrother,3664.154
1000,cjukesrr,Charin Jukes,7666.058
